-- phpMyAdmin SQL Dump
-- version 4.8.3
-- https://www.phpmyadmin.net/
--
-- 主機: localhost
-- 產生時間： 2019-01-01 04:26:52
-- 伺服器版本: 5.6.42
-- PHP 版本： 7.2.11

SET SQL_MODE = "NO_AUTO_VALUE_ON_ZERO";
SET AUTOCOMMIT = 0;
START TRANSACTION;
SET time_zone = "+00:00";


/*!40101 SET @OLD_CHARACTER_SET_CLIENT=@@CHARACTER_SET_CLIENT */;
/*!40101 SET @OLD_CHARACTER_SET_RESULTS=@@CHARACTER_SET_RESULTS */;
/*!40101 SET @OLD_COLLATION_CONNECTION=@@COLLATION_CONNECTION */;
/*!40101 SET NAMES utf8mb4 */;

--
-- 資料庫： `test`
--

-- --------------------------------------------------------

--
-- 資料表結構 `channels`
--

CREATE TABLE `channels` (
  `id` int(10) UNSIGNED NOT NULL,
  `user_id` int(10) UNSIGNED NOT NULL,
  `name` varchar(100) COLLATE utf8_unicode_ci NOT NULL,
  `write_key` varchar(100) COLLATE utf8_unicode_ci NOT NULL,
  `read_key` varchar(100) COLLATE utf8_unicode_ci NOT NULL,
  `is_public` tinyint(1) NOT NULL DEFAULT '0',
  `created_at` timestamp NOT NULL DEFAULT CURRENT_TIMESTAMP ON UPDATE CURRENT_TIMESTAMP
) ENGINE=InnoDB DEFAULT CHARSET=utf8 COLLATE=utf8_unicode_ci;

--
-- 資料表的匯出資料 `channels`
--

INSERT INTO `channels` (`id`, `user_id`, `name`, `write_key`, `read_key`, `is_public`, `created_at`) VALUES
(1, 2, 'Test Channel', '299ad4285662e3f53d3a08b02aa71462', '5625802af25f8d56ff26195cae952e9a', 0, '2019-01-01 04:15:16'),
(3, 3, 'Test', '631c3bf06053ead06bd293ae858cf9cf', '5ae91b2e939df500a1bfb8a32d30ae44', 0, '2019-01-01 04:17:23');

-- --------------------------------------------------------

--
-- 資料表結構 `charts`
--

CREATE TABLE `charts` (
  `id` int(10) UNSIGNED NOT NULL,
  `channel_id` int(10) UNSIGNED NOT NULL,
  `title` varchar(20) COLLATE utf8_unicode_ci NOT NULL DEFAULT 'title',
  `series_name` varchar(20) COLLATE utf8_unicode_ci NOT NULL DEFAULT 'data name',
  `series_unit` varchar(10) COLLATE utf8_unicode_ci NOT NULL DEFAULT 'unit',
  `results` int(10) UNSIGNED NOT NULL DEFAULT '5',
  `type` varchar(10) COLLATE utf8_unicode_ci NOT NULL DEFAULT 'line',
  `created_at` timestamp NOT NULL DEFAULT CURRENT_TIMESTAMP ON UPDATE CURRENT_TIMESTAMP
) ENGINE=InnoDB DEFAULT CHARSET=utf8 COLLATE=utf8_unicode_ci;

--
-- 資料表的匯出資料 `charts`
--

INSERT INTO `charts` (`id`, `channel_id`, `title`, `series_name`, `series_unit`, `results`, `type`, `created_at`) VALUES
(1, 1, 'chart0', 'data name', 'unit', 5, 'line', '2019-01-01 04:14:39'),
(2, 1, 'chart1', 'data name', 'unit', 5, 'line', '2019-01-01 04:14:39'),
(3, 1, 'chart2', 'data name', 'unit', 5, 'line', '2019-01-01 04:14:39'),
(4, 1, 'chart3', 'data name', 'unit', 5, 'line', '2019-01-01 04:14:39'),
(5, 1, 'chart4', 'data name', 'unit', 5, 'line', '2019-01-01 04:14:39'),
(6, 1, 'chart5', 'data name', 'unit', 5, 'line', '2019-01-01 04:14:39'),
(7, 1, 'chart6', 'data name', 'unit', 5, 'line', '2019-01-01 04:14:39'),
(8, 1, 'chart7', 'data name', 'unit', 5, 'line', '2019-01-01 04:14:39'),
(17, 3, 'chart0', 'data name', 'unit', 5, 'line', '2019-01-01 04:17:15'),
(18, 3, 'chart1', 'data name', 'unit', 5, 'line', '2019-01-01 04:17:15'),
(19, 3, 'chart2', 'data name', 'unit', 5, 'line', '2019-01-01 04:17:15'),
(20, 3, 'chart3', 'data name', 'unit', 5, 'line', '2019-01-01 04:17:15'),
(21, 3, 'chart4', 'data name', 'unit', 5, 'line', '2019-01-01 04:17:15'),
(22, 3, 'chart5', 'data name', 'unit', 5, 'line', '2019-01-01 04:17:15'),
(23, 3, 'chart6', 'data name', 'unit', 5, 'line', '2019-01-01 04:17:15'),
(24, 3, 'chart7', 'data name', 'unit', 5, 'line', '2019-01-01 04:17:15');

-- --------------------------------------------------------

--
-- 資料表結構 `datas`
--

CREATE TABLE `datas` (
  `id` int(10) UNSIGNED NOT NULL,
  `chart_id` int(10) UNSIGNED NOT NULL,
  `value` double NOT NULL,
  `created_at` timestamp(6) NOT NULL DEFAULT CURRENT_TIMESTAMP(6) ON UPDATE CURRENT_TIMESTAMP(6)
) ENGINE=InnoDB DEFAULT CHARSET=utf8 COLLATE=utf8_unicode_ci;

--
-- 資料表的匯出資料 `datas`
--

INSERT INTO `datas` (`id`, `chart_id`, `value`, `created_at`) VALUES
(1, 1, 25.19, '2019-01-01 04:18:40.589374'),
(2, 4, 34.84, '2019-01-01 04:18:40.592918'),
(3, 1, 26.3, '2019-01-01 04:18:40.603849'),
(4, 4, 30.09, '2019-01-01 04:18:40.614875'),
(5, 1, 28.13, '2019-01-01 04:18:40.625889'),
(6, 4, 34.02, '2019-01-01 04:18:40.652380'),
(7, 1, 22.73, '2019-01-01 04:18:40.664354'),
(8, 4, 26.9, '2019-01-01 04:18:40.702312'),
(9, 1, 24.2, '2019-01-01 04:18:40.714320'),
(10, 4, 28.38, '2019-01-01 04:18:40.752604'),
(11, 1, 33.64, '2019-01-01 04:18:40.776199'),
(12, 4, 32.21, '2019-01-01 04:18:40.802522'),
(13, 1, 25.04, '2019-01-01 04:18:40.826387'),
(14, 4, 22.71, '2019-01-01 04:18:40.852591'),
(15, 1, 30.16, '2019-01-01 04:18:40.876176'),
(16, 4, 26.15, '2019-01-01 04:18:40.902585'),
(17, 1, 30.04, '2019-01-01 04:18:40.926406'),
(18, 4, 23.44, '2019-01-01 04:18:40.952574'),
(19, 1, 25.58, '2019-01-01 04:18:40.976401'),
(20, 4, 31.59, '2019-01-01 04:18:41.002526'),
(21, 1, 22.26, '2019-01-01 04:18:41.025985'),
(22, 4, 24.66, '2019-01-01 04:18:41.052441'),
(23, 1, 26.44, '2019-01-01 04:18:41.069114'),
(24, 4, 23.41, '2019-01-01 04:18:41.102807'),
(25, 1, 28.99, '2019-01-01 04:18:41.128342'),
(26, 4, 31.5, '2019-01-01 04:18:41.152502'),
(27, 1, 22.85, '2019-01-01 04:18:41.171719'),
(28, 4, 25.42, '2019-01-01 04:18:41.202508'),
(29, 1, 31.4, '2019-01-01 04:18:41.230428'),
(30, 4, 24.46, '2019-01-01 04:18:41.252686'),
(31, 1, 33.77, '2019-01-01 04:18:41.284197'),
(32, 4, 31.09, '2019-01-01 04:18:41.302755'),
(33, 1, 23.38, '2019-01-01 04:18:41.332760'),
(34, 4, 30.67, '2019-01-01 04:18:41.352566'),
(35, 1, 27.51, '2019-01-01 04:18:41.373321'),
(36, 4, 24.3, '2019-01-01 04:18:41.402484'),
(37, 1, 26.54, '2019-01-01 04:18:41.423609'),
(38, 4, 23.24, '2019-01-01 04:18:41.452739'),
(39, 1, 33.15, '2019-01-01 04:18:41.482985'),
(40, 4, 35, '2019-01-01 04:18:41.497314'),
(41, 1, 30.41, '2019-01-01 04:18:41.521888'),
(42, 4, 30.75, '2019-01-01 04:18:41.547293'),
(43, 1, 25.02, '2019-01-01 04:18:41.571658'),
(44, 4, 24.46, '2019-01-01 04:18:41.605680'),
(45, 1, 26.61, '2019-01-01 04:18:41.630348'),
(46, 4, 29.3, '2019-01-01 04:18:41.652403'),
(47, 1, 28.21, '2019-01-01 04:18:41.672172'),
(48, 4, 31.78, '2019-01-01 04:18:41.702557'),
(49, 1, 30.71, '2019-01-01 04:18:41.723856'),
(50, 4, 29.18, '2019-01-01 04:18:41.752540'),
(51, 1, 25.87, '2019-01-01 04:18:41.773597'),
(52, 4, 22.83, '2019-01-01 04:18:41.802494'),
(53, 1, 22, '2019-01-01 04:18:41.823983'),
(54, 4, 28.19, '2019-01-01 04:18:41.852586'),
(55, 1, 30.19, '2019-01-01 04:18:41.873599'),
(56, 4, 31.32, '2019-01-01 04:18:41.902558'),
(57, 1, 29.22, '2019-01-01 04:18:41.925050'),
(58, 4, 32.17, '2019-01-01 04:18:41.952510'),
(59, 1, 26.59, '2019-01-01 04:18:41.966715'),
(60, 4, 22.85, '2019-01-01 04:18:42.002352'),
(61, 1, 33.57, '2019-01-01 04:18:42.015080'),
(62, 4, 25.94, '2019-01-01 04:18:42.052380'),
(63, 1, 30.19, '2019-01-01 04:18:42.065559'),
(64, 4, 29.28, '2019-01-01 04:18:42.102454'),
(65, 1, 22.42, '2019-01-01 04:18:42.114910'),
(66, 4, 23.29, '2019-01-01 04:18:42.152347'),
(67, 1, 25.06, '2019-01-01 04:18:42.165848'),
(68, 4, 25.41, '2019-01-01 04:18:42.202382'),
(69, 1, 26.42, '2019-01-01 04:18:42.216119'),
(70, 4, 22.08, '2019-01-01 04:18:42.252332'),
(71, 1, 27.76, '2019-01-01 04:18:42.264776'),
(72, 4, 34.09, '2019-01-01 04:18:42.302396'),
(73, 1, 23.74, '2019-01-01 04:18:42.315080'),
(74, 4, 23.22, '2019-01-01 04:18:42.352412'),
(75, 1, 27.6, '2019-01-01 04:18:42.364876'),
(76, 4, 34.7, '2019-01-01 04:18:42.402366'),
(77, 1, 27.32, '2019-01-01 04:18:42.414622'),
(78, 4, 31.39, '2019-01-01 04:18:42.452376'),
(79, 1, 30.45, '2019-01-01 04:18:42.464496'),
(80, 4, 32.32, '2019-01-01 04:18:42.502593'),
(81, 1, 34.15, '2019-01-01 04:18:42.523560'),
(82, 4, 22.49, '2019-01-01 04:18:42.552511'),
(83, 1, 30.46, '2019-01-01 04:18:42.573363'),
(84, 4, 30.3, '2019-01-01 04:18:42.602517'),
(85, 1, 29.67, '2019-01-01 04:18:42.623832'),
(86, 4, 27.91, '2019-01-01 04:18:42.652500'),
(87, 1, 29.9, '2019-01-01 04:18:42.673469'),
(88, 4, 31.58, '2019-01-01 04:18:42.702500'),
(89, 1, 32.49, '2019-01-01 04:18:42.723235'),
(90, 4, 32.29, '2019-01-01 04:18:42.755706'),
(91, 1, 25.36, '2019-01-01 04:18:42.783783'),
(92, 4, 27.48, '2019-01-01 04:18:42.819134'),
(93, 1, 22.82, '2019-01-01 04:18:42.840190'),
(94, 4, 23.17, '2019-01-01 04:18:42.869183'),
(95, 1, 32.37, '2019-01-01 04:18:42.890836'),
(96, 4, 26.93, '2019-01-01 04:18:42.919144'),
(97, 1, 33.19, '2019-01-01 04:18:42.940178'),
(98, 4, 29.84, '2019-01-01 04:18:42.969181'),
(99, 1, 22.87, '2019-01-01 04:18:42.990161'),
(100, 4, 33.72, '2019-01-01 04:18:43.019091'),
(101, 1, 28.82, '2019-01-01 04:18:43.040057'),
(102, 4, 26.66, '2019-01-01 04:18:43.069141'),
(103, 1, 24.2, '2019-01-01 04:18:43.090255'),
(104, 4, 31.3, '2019-01-01 04:18:43.119194'),
(105, 1, 25.83, '2019-01-01 04:18:43.139946'),
(106, 4, 28.43, '2019-01-01 04:18:43.169157'),
(107, 1, 32.86, '2019-01-01 04:18:43.189932'),
(108, 4, 25.15, '2019-01-01 04:18:43.219101'),
(109, 1, 31.71, '2019-01-01 04:18:43.244105'),
(110, 4, 27.67, '2019-01-01 04:18:43.269027'),
(111, 1, 24.18, '2019-01-01 04:18:43.281472'),
(112, 4, 33.44, '2019-01-01 04:18:43.319017'),
(113, 1, 24.65, '2019-01-01 04:18:43.332022'),
(114, 4, 22.49, '2019-01-01 04:18:43.369037'),
(115, 1, 26.51, '2019-01-01 04:18:43.382099'),
(116, 4, 34.27, '2019-01-01 04:18:43.419021'),
(117, 1, 26.6, '2019-01-01 04:18:43.432230'),
(118, 4, 28.21, '2019-01-01 04:18:43.469038'),
(119, 1, 31.87, '2019-01-01 04:18:43.481976'),
(120, 4, 22.82, '2019-01-01 04:18:43.519051'),
(121, 1, 29.45, '2019-01-01 04:18:43.531655'),
(122, 4, 23.51, '2019-01-01 04:18:43.569039'),
(123, 1, 25.03, '2019-01-01 04:18:43.582052'),
(124, 4, 30.33, '2019-01-01 04:18:43.619017'),
(125, 1, 26.09, '2019-01-01 04:18:43.632049'),
(126, 4, 24.27, '2019-01-01 04:18:43.669085'),
(127, 1, 24.08, '2019-01-01 04:18:43.681871'),
(128, 4, 23.56, '2019-01-01 04:18:43.719007'),
(129, 1, 32.24, '2019-01-01 04:18:43.731449'),
(130, 4, 23.55, '2019-01-01 04:18:43.769007'),
(131, 1, 34.68, '2019-01-01 04:18:43.781908'),
(132, 4, 32.05, '2019-01-01 04:18:43.818987'),
(133, 1, 29.96, '2019-01-01 04:18:43.831898'),
(134, 4, 23.47, '2019-01-01 04:18:43.869010'),
(135, 1, 23.61, '2019-01-01 04:18:43.881589'),
(136, 4, 28.8, '2019-01-01 04:18:43.919192'),
(137, 1, 25.22, '2019-01-01 04:18:43.940234'),
(138, 4, 26.86, '2019-01-01 04:18:43.969173'),
(139, 1, 25.33, '2019-01-01 04:18:43.995248'),
(140, 4, 22.82, '2019-01-01 04:18:44.034610'),
(141, 1, 24.9, '2019-01-01 04:18:44.061575'),
(142, 4, 22.09, '2019-01-01 04:18:44.094283'),
(143, 1, 33.65, '2019-01-01 04:18:44.119840'),
(144, 4, 29.48, '2019-01-01 04:18:44.144098'),
(145, 1, 33.24, '2019-01-01 04:18:44.160605'),
(146, 4, 29.11, '2019-01-01 04:18:44.194367'),
(147, 1, 25.72, '2019-01-01 04:18:44.224925'),
(148, 4, 34.04, '2019-01-01 04:18:44.255817'),
(149, 1, 27.58, '2019-01-01 04:18:44.286477'),
(150, 4, 26.57, '2019-01-01 04:18:44.314147'),
(151, 1, 28.18, '2019-01-01 04:18:44.344915'),
(152, 4, 26.31, '2019-01-01 04:18:44.372524'),
(153, 1, 29.25, '2019-01-01 04:18:44.404498'),
(154, 4, 31.13, '2019-01-01 04:18:44.430929'),
(155, 1, 22.04, '2019-01-01 04:18:44.468050'),
(156, 4, 22.84, '2019-01-01 04:18:44.489313'),
(157, 1, 32.31, '2019-01-01 04:18:44.520215'),
(158, 4, 22.38, '2019-01-01 04:18:44.547242'),
(159, 1, 27.98, '2019-01-01 04:18:44.567929'),
(160, 4, 32.95, '2019-01-01 04:18:44.602393'),
(161, 1, 23.77, '2019-01-01 04:18:44.615928'),
(162, 4, 33.55, '2019-01-01 04:18:44.652354'),
(163, 1, 22.01, '2019-01-01 04:18:44.666307'),
(164, 4, 26.5, '2019-01-01 04:18:44.702347'),
(165, 1, 29.55, '2019-01-01 04:18:44.716987'),
(166, 4, 25.26, '2019-01-01 04:18:44.752360'),
(167, 1, 28.59, '2019-01-01 04:18:44.767103'),
(168, 4, 31.03, '2019-01-01 04:18:44.802383'),
(169, 1, 24.44, '2019-01-01 04:18:44.816904'),
(170, 4, 30.24, '2019-01-01 04:18:44.850522'),
(171, 1, 34.19, '2019-01-01 04:18:44.872568'),
(172, 4, 34.84, '2019-01-01 04:18:44.891244'),
(173, 1, 31.91, '2019-01-01 04:18:44.926478'),
(174, 4, 26.1, '2019-01-01 04:18:44.943398'),
(175, 1, 28.95, '2019-01-01 04:18:44.965841'),
(176, 4, 24.03, '2019-01-01 04:18:44.998476'),
(177, 1, 32.5, '2019-01-01 04:18:45.022422'),
(178, 4, 28.3, '2019-01-01 04:18:45.059846'),
(179, 1, 30.83, '2019-01-01 04:18:45.076562'),
(180, 4, 29.47, '2019-01-01 04:18:45.109956'),
(181, 1, 31.27, '2019-01-01 04:18:45.126577'),
(182, 4, 24.67, '2019-01-01 04:18:45.159917'),
(183, 1, 33.03, '2019-01-01 04:18:45.177215'),
(184, 4, 32.58, '2019-01-01 04:18:45.209869'),
(185, 1, 27.69, '2019-01-01 04:18:45.227129'),
(186, 4, 22.5, '2019-01-01 04:18:45.259875'),
(187, 1, 27.91, '2019-01-01 04:18:45.277261'),
(188, 4, 25.98, '2019-01-01 04:18:45.310029'),
(189, 1, 24.39, '2019-01-01 04:18:45.327248'),
(190, 4, 27.23, '2019-01-01 04:18:45.359913'),
(191, 1, 32.47, '2019-01-01 04:18:45.376803'),
(192, 4, 29.61, '2019-01-01 04:18:45.409872'),
(193, 1, 30.11, '2019-01-01 04:18:45.426506'),
(194, 4, 32.8, '2019-01-01 04:18:45.459794'),
(195, 1, 24.78, '2019-01-01 04:18:45.476603'),
(196, 4, 29.07, '2019-01-01 04:18:45.509782'),
(197, 1, 23.21, '2019-01-01 04:18:45.526680'),
(198, 4, 26.18, '2019-01-01 04:18:45.559867'),
(199, 1, 32.24, '2019-01-01 04:18:45.576559'),
(200, 4, 34.32, '2019-01-01 04:18:45.609891'),
(201, 1, 23.25, '2019-01-01 04:18:45.626726'),
(202, 4, 29.59, '2019-01-01 04:18:45.651516'),
(203, 1, 23.6, '2019-01-01 04:18:45.668381'),
(204, 4, 27.44, '2019-01-01 04:18:45.702524'),
(205, 1, 31.54, '2019-01-01 04:18:45.726605'),
(206, 4, 34.71, '2019-01-01 04:18:45.765116'),
(207, 1, 28.2, '2019-01-01 04:18:45.789145'),
(208, 4, 22.03, '2019-01-01 04:18:45.809787'),
(209, 1, 25.02, '2019-01-01 04:18:45.826579'),
(210, 4, 29.35, '2019-01-01 04:18:45.860866'),
(211, 1, 26.06, '2019-01-01 04:18:45.884908'),
(212, 4, 26.06, '2019-01-01 04:18:45.919171'),
(213, 1, 25.73, '2019-01-01 04:18:45.943152'),
(214, 4, 23.85, '2019-01-01 04:18:45.977557'),
(215, 1, 24.17, '2019-01-01 04:18:46.001599'),
(216, 4, 25.62, '2019-01-01 04:18:46.035885'),
(217, 1, 33.53, '2019-01-01 04:18:46.059965'),
(218, 4, 25.24, '2019-01-01 04:18:46.098494'),
(219, 1, 34.76, '2019-01-01 04:18:46.122414'),
(220, 4, 32.13, '2019-01-01 04:18:46.165077'),
(221, 1, 29.55, '2019-01-01 04:18:46.189296'),
(222, 4, 33.56, '2019-01-01 04:18:46.210871'),
(223, 1, 32.98, '2019-01-01 04:18:46.234797'),
(224, 4, 22.73, '2019-01-01 04:18:46.269204'),
(225, 1, 22.2, '2019-01-01 04:18:46.293324'),
(226, 4, 23.42, '2019-01-01 04:18:46.310867'),
(227, 1, 33.36, '2019-01-01 04:18:46.335093'),
(228, 4, 23.04, '2019-01-01 04:18:46.369188'),
(229, 1, 29.57, '2019-01-01 04:18:46.393395'),
(230, 4, 24, '2019-01-01 04:18:46.410881'),
(231, 1, 33.83, '2019-01-01 04:18:46.434951'),
(232, 4, 33.42, '2019-01-01 04:18:46.469178'),
(233, 1, 24.36, '2019-01-01 04:18:46.493441'),
(234, 4, 30.94, '2019-01-01 04:18:46.510854'),
(235, 1, 27.95, '2019-01-01 04:18:46.534829'),
(236, 4, 25.68, '2019-01-01 04:18:46.569159'),
(237, 1, 34.36, '2019-01-01 04:18:46.593468'),
(238, 4, 28.48, '2019-01-01 04:18:46.627578'),
(239, 1, 32.97, '2019-01-01 04:18:46.651677'),
(240, 4, 33.46, '2019-01-01 04:18:46.669198'),
(241, 1, 25.71, '2019-01-01 04:18:46.693220'),
(242, 4, 30.35, '2019-01-01 04:18:46.727534'),
(243, 1, 29.95, '2019-01-01 04:18:46.751623'),
(244, 4, 25.9, '2019-01-01 04:18:46.769166'),
(245, 1, 29.58, '2019-01-01 04:18:46.793192'),
(246, 4, 25.66, '2019-01-01 04:18:46.827500'),
(247, 1, 22.73, '2019-01-01 04:18:46.844328'),
(248, 4, 32.81, '2019-01-01 04:18:46.859786'),
(249, 1, 24.48, '2019-01-01 04:18:46.876539'),
(250, 4, 30.05, '2019-01-01 04:18:46.915089'),
(251, 1, 25.76, '2019-01-01 04:18:46.932743'),
(252, 4, 24.03, '2019-01-01 04:18:46.973365'),
(253, 1, 23.73, '2019-01-01 04:18:46.993710'),
(254, 4, 33.34, '2019-01-01 04:18:47.009726'),
(255, 1, 22.72, '2019-01-01 04:18:47.021890'),
(256, 4, 32.45, '2019-01-01 04:18:47.059816'),
(257, 1, 25.13, '2019-01-01 04:18:47.073450'),
(258, 4, 23.89, '2019-01-01 04:18:47.109752'),
(259, 1, 25.54, '2019-01-01 04:18:47.122158'),
(260, 4, 32.88, '2019-01-01 04:18:47.159726'),
(261, 1, 28.99, '2019-01-01 04:18:47.173029'),
(262, 4, 28.49, '2019-01-01 04:18:47.209675'),
(263, 1, 26.72, '2019-01-01 04:18:47.222618'),
(264, 4, 34.24, '2019-01-01 04:18:47.259745'),
(265, 1, 34.84, '2019-01-01 04:18:47.272451'),
(266, 4, 30.4, '2019-01-01 04:18:47.314985'),
(267, 1, 27.06, '2019-01-01 04:18:47.334543'),
(268, 4, 34.68, '2019-01-01 04:18:47.351416'),
(269, 1, 25.91, '2019-01-01 04:18:47.364189'),
(270, 4, 25.91, '2019-01-01 04:18:47.401441'),
(271, 1, 29.09, '2019-01-01 04:18:47.414044'),
(272, 4, 27.32, '2019-01-01 04:18:47.451396'),
(273, 1, 30.52, '2019-01-01 04:18:47.463885'),
(274, 4, 26.17, '2019-01-01 04:18:47.501419'),
(275, 1, 29.38, '2019-01-01 04:18:47.513311'),
(276, 4, 32.53, '2019-01-01 04:18:47.551438'),
(277, 1, 32.79, '2019-01-01 04:18:47.563550'),
(278, 4, 34.36, '2019-01-01 04:18:47.601404'),
(279, 1, 29.52, '2019-01-01 04:18:47.613527'),
(280, 4, 33.21, '2019-01-01 04:18:47.651491'),
(281, 1, 24.79, '2019-01-01 04:18:47.663858'),
(282, 4, 34.2, '2019-01-01 04:18:47.701429'),
(283, 1, 34.22, '2019-01-01 04:18:47.713523'),
(284, 4, 30.28, '2019-01-01 04:18:47.751549'),
(285, 1, 22.25, '2019-01-01 04:18:47.772324'),
(286, 4, 29.19, '2019-01-01 04:18:47.801499'),
(287, 1, 23.08, '2019-01-01 04:18:47.821733'),
(288, 4, 26.35, '2019-01-01 04:18:47.851562'),
(289, 1, 25.06, '2019-01-01 04:18:47.871905'),
(290, 4, 34.85, '2019-01-01 04:18:47.901567'),
(291, 1, 28.02, '2019-01-01 04:18:47.922018'),
(292, 4, 25.26, '2019-01-01 04:18:47.951555'),
(293, 1, 24.49, '2019-01-01 04:18:47.971899'),
(294, 4, 25.93, '2019-01-01 04:18:48.002577'),
(295, 1, 26.74, '2019-01-01 04:18:48.030713'),
(296, 4, 30.81, '2019-01-01 04:18:48.061114'),
(297, 1, 24.94, '2019-01-01 04:18:48.092855'),
(298, 4, 34.98, '2019-01-01 04:18:48.111207'),
(299, 1, 25.4, '2019-01-01 04:18:48.130029'),
(300, 4, 32.86, '2019-01-01 04:18:48.161005'),
(301, 1, 26.56, '2019-01-01 04:18:48.179889'),
(302, 4, 23.4, '2019-01-01 04:18:48.210901'),
(303, 1, 30.7, '2019-01-01 04:18:48.236789'),
(304, 4, 29.8, '2019-01-01 04:18:48.269261'),
(305, 1, 30.47, '2019-01-01 04:18:48.295494'),
(306, 4, 29.07, '2019-01-01 04:18:48.315171'),
(307, 1, 25.87, '2019-01-01 04:18:48.334083'),
(308, 4, 33.81, '2019-01-01 04:18:48.352548'),
(309, 1, 29.37, '2019-01-01 04:18:48.378111'),
(310, 4, 30.04, '2019-01-01 04:18:48.410846'),
(311, 1, 23.38, '2019-01-01 04:18:48.438539'),
(312, 4, 25.68, '2019-01-01 04:18:48.469228'),
(313, 1, 26.99, '2019-01-01 04:18:48.497213'),
(314, 4, 25.43, '2019-01-01 04:18:48.531862'),
(315, 1, 22.97, '2019-01-01 04:18:48.552221'),
(316, 4, 26.01, '2019-01-01 04:18:48.590135'),
(317, 1, 32.07, '2019-01-01 04:18:48.610590'),
(318, 4, 28.07, '2019-01-01 04:18:48.627546'),
(319, 1, 30.54, '2019-01-01 04:18:48.655639'),
(320, 4, 28.37, '2019-01-01 04:18:48.709479'),
(321, 1, 31.56, '2019-01-01 04:18:48.739827'),
(322, 4, 32.45, '2019-01-01 04:18:48.769203'),
(323, 1, 24.19, '2019-01-01 04:18:48.797266'),
(324, 4, 32.04, '2019-01-01 04:18:48.827618'),
(325, 1, 22.76, '2019-01-01 04:18:48.848172'),
(326, 4, 30.78, '2019-01-01 04:18:48.877584'),
(327, 1, 26.43, '2019-01-01 04:18:48.905696'),
(328, 4, 25.81, '2019-01-01 04:18:48.935937'),
(329, 1, 27.92, '2019-01-01 04:18:48.954910'),
(330, 4, 31.31, '2019-01-01 04:18:48.985778'),
(331, 1, 23.56, '2019-01-01 04:18:49.005056'),
(332, 4, 33.64, '2019-01-01 04:18:49.019097'),
(333, 1, 34.61, '2019-01-01 04:18:49.038393'),
(334, 4, 32.04, '2019-01-01 04:18:49.077427'),
(335, 1, 23.94, '2019-01-01 04:18:49.097797'),
(336, 4, 28.08, '2019-01-01 04:18:49.135819'),
(337, 1, 31.08, '2019-01-01 04:18:49.148245'),
(338, 4, 27.75, '2019-01-01 04:18:49.167092'),
(339, 1, 24.95, '2019-01-01 04:18:49.186259'),
(340, 4, 27.09, '2019-01-01 04:18:49.201466'),
(341, 1, 34.56, '2019-01-01 04:18:49.213935'),
(342, 4, 26.5, '2019-01-01 04:18:49.256650'),
(343, 1, 26.61, '2019-01-01 04:18:49.276243'),
(344, 4, 32.69, '2019-01-01 04:18:49.314966'),
(345, 1, 23.02, '2019-01-01 04:18:49.334326'),
(346, 4, 28.19, '2019-01-01 04:18:49.351428'),
(347, 1, 27.04, '2019-01-01 04:18:49.363904'),
(348, 4, 34.1, '2019-01-01 04:18:49.401485'),
(349, 1, 22.91, '2019-01-01 04:18:49.413992'),
(350, 4, 30.76, '2019-01-01 04:18:49.434793'),
(351, 1, 31.99, '2019-01-01 04:18:49.457906'),
(352, 4, 33.14, '2019-01-01 04:18:49.493073'),
(353, 1, 30.55, '2019-01-01 04:18:49.504986'),
(354, 4, 32.57, '2019-01-01 04:18:49.526623'),
(355, 1, 34.37, '2019-01-01 04:18:49.547039'),
(356, 4, 26.37, '2019-01-01 04:18:49.584962'),
(357, 1, 34.47, '2019-01-01 04:18:49.606478'),
(358, 4, 23.26, '2019-01-01 04:18:49.639996'),
(359, 1, 34.79, '2019-01-01 04:18:49.661082'),
(360, 4, 25.56, '2019-01-01 04:18:49.698333'),
(361, 1, 25.49, '2019-01-01 04:18:49.719444'),
(362, 4, 32.06, '2019-01-01 04:18:49.739995'),
(363, 1, 29.51, '2019-01-01 04:18:49.761241'),
(364, 4, 32.4, '2019-01-01 04:18:49.798324'),
(365, 1, 32.32, '2019-01-01 04:18:49.819327'),
(366, 4, 30.49, '2019-01-01 04:18:49.856676'),
(367, 1, 28.73, '2019-01-01 04:18:49.877744'),
(368, 4, 23.98, '2019-01-01 04:18:49.894052'),
(369, 1, 23.19, '2019-01-01 04:18:49.922432'),
(370, 4, 33.17, '2019-01-01 04:18:49.951679'),
(371, 1, 22.51, '2019-01-01 04:18:49.981789'),
(372, 4, 22.49, '2019-01-01 04:18:50.010033'),
(373, 1, 28.91, '2019-01-01 04:18:50.040545'),
(374, 4, 29.39, '2019-01-01 04:18:50.068329'),
(375, 1, 32.42, '2019-01-01 04:18:50.099764'),
(376, 4, 32.55, '2019-01-01 04:18:50.126694'),
(377, 1, 29.17, '2019-01-01 04:18:50.157288'),
(378, 4, 25.12, '2019-01-01 04:18:50.185035'),
(379, 1, 29.95, '2019-01-01 04:18:50.214894'),
(380, 4, 23.97, '2019-01-01 04:18:50.243241'),
(381, 1, 26.82, '2019-01-01 04:18:50.260746'),
(382, 4, 28.1, '2019-01-01 04:18:50.298280'),
(383, 1, 25.92, '2019-01-01 04:18:50.317316'),
(384, 4, 31.99, '2019-01-01 04:18:50.335723'),
(385, 1, 33, '2019-01-01 04:18:50.354981'),
(386, 4, 25.91, '2019-01-01 04:18:50.398291'),
(387, 1, 31.71, '2019-01-01 04:18:50.417364'),
(388, 4, 31.08, '2019-01-01 04:18:50.435900'),
(389, 1, 24.62, '2019-01-01 04:18:50.456481'),
(390, 4, 32.61, '2019-01-01 04:18:50.498522'),
(391, 1, 27.59, '2019-01-01 04:18:50.519125'),
(392, 4, 22.44, '2019-01-01 04:18:50.552552'),
(393, 1, 22, '2019-01-01 04:18:50.573385'),
(394, 4, 29.58, '2019-01-01 04:18:50.611054'),
(395, 1, 30.7, '2019-01-01 04:18:50.632114'),
(396, 4, 24.15, '2019-01-01 04:18:50.635654'),
(397, 1, 22.82, '2019-01-01 04:18:50.655262'),
(398, 4, 25.05, '2019-01-01 04:18:50.698311'),
(399, 1, 30.36, '2019-01-01 04:18:50.717900'),
(400, 4, 28.66, '2019-01-01 04:18:50.756633'),
(401, 1, 33.55, '2019-01-01 04:18:50.777793'),
(402, 4, 31.8, '2019-01-01 04:18:50.794105'),
(403, 1, 25.49, '2019-01-01 04:18:50.815160'),
(404, 4, 28.46, '2019-01-01 04:18:50.856655'),
(405, 1, 27.69, '2019-01-01 04:18:50.877643'),
(406, 4, 33.9, '2019-01-01 04:18:50.894087'),
(407, 1, 33.48, '2019-01-01 04:18:50.915274'),
(408, 4, 32.84, '2019-01-01 04:18:50.952476'),
(409, 1, 27.91, '2019-01-01 04:18:50.984353'),
(410, 4, 23.4, '2019-01-01 04:18:51.010826'),
(411, 1, 34.49, '2019-01-01 04:18:51.034884'),
(412, 4, 28.03, '2019-01-01 04:18:51.052521'),
(413, 1, 29.91, '2019-01-01 04:18:51.076351'),
(414, 4, 26.25, '2019-01-01 04:18:51.110840'),
(415, 1, 30.16, '2019-01-01 04:19:08.993628'),
(416, 2, 30.32, '2019-01-01 04:19:08.997958'),
(417, 3, 30.59, '2019-01-01 04:19:09.009176'),
(418, 4, 28.36, '2019-01-01 04:19:09.012475'),
(419, 5, 34.93, '2019-01-01 04:19:09.023796'),
(420, 6, 27.54, '2019-01-01 04:19:09.027069'),
(421, 7, 34.7, '2019-01-01 04:19:09.038405'),
(422, 8, 34.65, '2019-01-01 04:19:09.041652'),
(423, 1, 34.67, '2019-01-01 04:19:09.060940'),
(424, 2, 26, '2019-01-01 04:19:09.098432'),
(425, 3, 24.91, '2019-01-01 04:19:09.110546'),
(426, 4, 34.6, '2019-01-01 04:19:09.114797'),
(427, 5, 24.06, '2019-01-01 04:19:09.118768'),
(428, 6, 23.51, '2019-01-01 04:19:09.123171'),
(429, 7, 24.72, '2019-01-01 04:19:09.127030'),
(430, 8, 23.22, '2019-01-01 04:19:09.131417'),
(431, 1, 32.72, '2019-01-01 04:19:09.155457'),
(432, 2, 24.73, '2019-01-01 04:19:09.184602'),
(433, 3, 23.59, '2019-01-01 04:19:09.188690'),
(434, 4, 28.91, '2019-01-01 04:19:09.200194'),
(435, 5, 27.39, '2019-01-01 04:19:09.205319'),
(436, 6, 22.14, '2019-01-01 04:19:09.216950'),
(437, 7, 31.67, '2019-01-01 04:19:09.222018'),
(438, 8, 23.55, '2019-01-01 04:19:09.233676'),
(439, 1, 28.35, '2019-01-01 04:19:09.265478'),
(440, 2, 34.76, '2019-01-01 04:19:09.293110'),
(441, 3, 28.06, '2019-01-01 04:19:09.305423'),
(442, 4, 34.68, '2019-01-01 04:19:09.309692'),
(443, 5, 22.96, '2019-01-01 04:19:09.313762'),
(444, 6, 22.76, '2019-01-01 04:19:09.317986'),
(445, 7, 26.21, '2019-01-01 04:19:09.322045'),
(446, 8, 27.15, '2019-01-01 04:19:09.333666'),
(447, 1, 33.85, '2019-01-01 04:19:09.366460'),
(448, 2, 30.45, '2019-01-01 04:19:09.393057'),
(449, 3, 30.93, '2019-01-01 04:19:09.397059'),
(450, 4, 29.66, '2019-01-01 04:19:09.408670'),
(451, 5, 31.34, '2019-01-01 04:19:09.413775'),
(452, 6, 30.7, '2019-01-01 04:19:09.418022'),
(453, 7, 31.42, '2019-01-01 04:19:09.422059'),
(454, 8, 32.78, '2019-01-01 04:19:09.426318'),
(455, 1, 32.62, '2019-01-01 04:19:09.457189'),
(456, 2, 33.8, '2019-01-01 04:19:09.485749'),
(457, 3, 26.9, '2019-01-01 04:19:09.490047'),
(458, 4, 25.38, '2019-01-01 04:19:09.494092'),
(459, 5, 30.25, '2019-01-01 04:19:09.498045'),
(460, 6, 31.1, '2019-01-01 04:19:09.509680'),
(461, 7, 22.19, '2019-01-01 04:19:09.513726'),
(462, 8, 23.3, '2019-01-01 04:19:09.525292'),
(463, 1, 31.02, '2019-01-01 04:19:09.557288'),
(464, 2, 28.56, '2019-01-01 04:19:09.585599'),
(465, 3, 31.19, '2019-01-01 04:19:09.589530'),
(466, 4, 25.14, '2019-01-01 04:19:09.601212'),
(467, 5, 33.62, '2019-01-01 04:19:09.605211'),
(468, 6, 23.74, '2019-01-01 04:19:09.616767'),
(469, 7, 32.7, '2019-01-01 04:19:09.628247'),
(470, 8, 28, '2019-01-01 04:19:09.632678'),
(471, 1, 31.66, '2019-01-01 04:19:09.671780'),
(472, 2, 23.69, '2019-01-01 04:19:09.693971'),
(473, 3, 28.81, '2019-01-01 04:19:09.697929'),
(474, 4, 22.23, '2019-01-01 04:19:09.709472'),
(475, 5, 24.32, '2019-01-01 04:19:09.713569'),
(476, 6, 28.27, '2019-01-01 04:19:09.725168'),
(477, 7, 24.71, '2019-01-01 04:19:09.730252'),
(478, 8, 24.3, '2019-01-01 04:19:09.741831'),
(479, 1, 30.33, '2019-01-01 04:19:09.763957'),
(480, 2, 30.29, '2019-01-01 04:19:09.802264'),
(481, 3, 22.72, '2019-01-01 04:19:09.806237'),
(482, 4, 32.2, '2019-01-01 04:19:09.817865'),
(483, 5, 30.52, '2019-01-01 04:19:09.821913'),
(484, 6, 27.7, '2019-01-01 04:19:09.833505'),
(485, 7, 23.61, '2019-01-01 04:19:09.838557'),
(486, 8, 24.31, '2019-01-01 04:19:09.850176'),
(487, 1, 27.97, '2019-01-01 04:19:09.871818'),
(488, 2, 31.54, '2019-01-01 04:19:09.910550'),
(489, 3, 24.72, '2019-01-01 04:19:09.921962'),
(490, 4, 22.43, '2019-01-01 04:19:09.933518'),
(491, 5, 28.01, '2019-01-01 04:19:09.944696'),
(492, 6, 28.24, '2019-01-01 04:19:09.956557'),
(493, 7, 23.6, '2019-01-01 04:19:09.960553'),
(494, 8, 33.08, '2019-01-01 04:19:09.964880'),
(495, 1, 30.26, '2019-01-01 04:19:09.996147'),
(496, 2, 31.24, '2019-01-01 04:19:10.018886'),
(497, 3, 22.85, '2019-01-01 04:19:10.030211'),
(498, 4, 28.45, '2019-01-01 04:19:10.041770'),
(499, 5, 22.2, '2019-01-01 04:19:10.046876'),
(500, 6, 27.61, '2019-01-01 04:19:10.058496'),
(501, 7, 22.1, '2019-01-01 04:19:10.069694'),
(502, 8, 33.73, '2019-01-01 04:19:10.081441'),
(503, 1, 25.41, '2019-01-01 04:19:10.100544'),
(504, 2, 27.84, '2019-01-01 04:19:10.139794'),
(505, 3, 29.28, '2019-01-01 04:19:10.143746'),
(506, 4, 33.66, '2019-01-01 04:19:10.148028'),
(507, 5, 25.13, '2019-01-01 04:19:10.159273'),
(508, 6, 28.12, '2019-01-01 04:19:10.170938'),
(509, 7, 27.59, '2019-01-01 04:19:10.182259'),
(510, 8, 27.19, '2019-01-01 04:19:10.193844'),
(511, 1, 23.06, '2019-01-01 04:19:10.219904'),
(512, 2, 26.4, '2019-01-01 04:19:10.245874'),
(513, 3, 27.72, '2019-01-01 04:19:10.257248'),
(514, 4, 29.17, '2019-01-01 04:19:10.268908'),
(515, 5, 23.13, '2019-01-01 04:19:10.280198'),
(516, 6, 23.35, '2019-01-01 04:19:10.291834'),
(517, 7, 34.68, '2019-01-01 04:19:10.296866'),
(518, 8, 28.43, '2019-01-01 04:19:10.308424'),
(519, 1, 29.91, '2019-01-01 04:19:10.334020'),
(520, 2, 32.11, '2019-01-01 04:19:10.367852'),
(521, 3, 33.92, '2019-01-01 04:19:10.372205'),
(522, 4, 33.77, '2019-01-01 04:19:10.376301'),
(523, 5, 27.82, '2019-01-01 04:19:10.380364'),
(524, 6, 29.32, '2019-01-01 04:19:10.384683'),
(525, 7, 26.21, '2019-01-01 04:19:10.388683'),
(526, 8, 30.18, '2019-01-01 04:19:10.392957'),
(527, 1, 32.77, '2019-01-01 04:19:10.424003'),
(528, 2, 24.2, '2019-01-01 04:19:10.451079'),
(529, 3, 22.47, '2019-01-01 04:19:10.455103'),
(530, 4, 25.05, '2019-01-01 04:19:10.458436'),
(531, 5, 29.25, '2019-01-01 04:19:10.469592'),
(532, 6, 29.29, '2019-01-01 04:19:10.472910'),
(533, 7, 31.43, '2019-01-01 04:19:10.484208'),
(534, 8, 25.67, '2019-01-01 04:19:10.490479'),
(535, 1, 30.42, '2019-01-01 04:19:10.539422'),
(536, 2, 24.82, '2019-01-01 04:19:10.558370'),
(537, 3, 27.5, '2019-01-01 04:19:10.569581'),
(538, 4, 28.45, '2019-01-01 04:19:10.572918'),
(539, 5, 23.14, '2019-01-01 04:19:10.584244'),
(540, 6, 31.19, '2019-01-01 04:19:10.595788'),
(541, 7, 33.05, '2019-01-01 04:19:10.607234'),
(542, 8, 29.84, '2019-01-01 04:19:10.618731'),
(543, 1, 24.55, '2019-01-01 04:19:10.637981'),
(544, 2, 22.7, '2019-01-01 04:19:10.681347'),
(545, 3, 33.21, '2019-01-01 04:19:10.692579'),
(546, 4, 22.17, '2019-01-01 04:19:10.695800'),
(547, 5, 34.1, '2019-01-01 04:19:10.707080'),
(548, 6, 22.2, '2019-01-01 04:19:10.710338'),
(549, 7, 29.22, '2019-01-01 04:19:10.721711'),
(550, 8, 27.43, '2019-01-01 04:19:10.725013'),
(551, 1, 29.86, '2019-01-01 04:19:10.747454'),
(552, 2, 29.11, '2019-01-01 04:19:10.768824'),
(553, 3, 23.05, '2019-01-01 04:19:10.773281'),
(554, 4, 22.66, '2019-01-01 04:19:10.777066'),
(555, 5, 27.17, '2019-01-01 04:19:10.781472'),
(556, 6, 32.41, '2019-01-01 04:19:10.785318'),
(557, 7, 32.69, '2019-01-01 04:19:10.789731'),
(558, 8, 28.32, '2019-01-01 04:19:10.793662'),
(559, 1, 22.98, '2019-01-01 04:19:10.817932'),
(560, 2, 27.38, '2019-01-01 04:19:10.842743'),
(561, 3, 23.29, '2019-01-01 04:19:10.854320'),
(562, 4, 31.24, '2019-01-01 04:19:10.858338'),
(563, 5, 29.02, '2019-01-01 04:19:10.870013'),
(564, 6, 23.32, '2019-01-01 04:19:10.874005'),
(565, 7, 34.27, '2019-01-01 04:19:10.885634'),
(566, 8, 29.16, '2019-01-01 04:19:10.889580'),
(567, 1, 33.01, '2019-01-01 04:19:10.921030'),
(568, 2, 27.87, '2019-01-01 04:19:10.960487'),
(569, 3, 27.97, '2019-01-01 04:19:10.964861'),
(570, 4, 34.41, '2019-01-01 04:19:10.968729'),
(571, 5, 30.56, '2019-01-01 04:19:10.973138'),
(572, 6, 28.52, '2019-01-01 04:19:10.977020'),
(573, 7, 22.28, '2019-01-01 04:19:10.981528'),
(574, 8, 33.12, '2019-01-01 04:19:10.985394'),
(575, 1, 33.74, '2019-01-01 04:19:11.009386'),
(576, 2, 28.06, '2019-01-01 04:19:11.043809'),
(577, 3, 27.86, '2019-01-01 04:19:11.048087'),
(578, 4, 26.84, '2019-01-01 04:19:11.059353'),
(579, 5, 22.83, '2019-01-01 04:19:11.071001'),
(580, 6, 26.17, '2019-01-01 04:19:11.074988'),
(581, 7, 23.7, '2019-01-01 04:19:11.086656'),
(582, 8, 30.56, '2019-01-01 04:19:11.090600'),
(583, 1, 22.42, '2019-01-01 04:19:11.121523'),
(584, 2, 32.91, '2019-01-01 04:19:11.151991'),
(585, 3, 28.79, '2019-01-01 04:19:11.156285'),
(586, 4, 25.01, '2019-01-01 04:19:11.167574'),
(587, 5, 27.1, '2019-01-01 04:19:11.179148'),
(588, 6, 32.21, '2019-01-01 04:19:11.190491'),
(589, 7, 33.95, '2019-01-01 04:19:11.193734'),
(590, 8, 29.95, '2019-01-01 04:19:11.205135'),
(591, 1, 22.52, '2019-01-01 04:19:11.229230'),
(592, 2, 30.4, '2019-01-01 04:19:11.263501'),
(593, 3, 33.5, '2019-01-01 04:19:11.275073'),
(594, 4, 25.51, '2019-01-01 04:19:11.286356'),
(595, 5, 24.81, '2019-01-01 04:19:11.289631'),
(596, 6, 24.76, '2019-01-01 04:19:11.300919'),
(597, 7, 26.92, '2019-01-01 04:19:11.312564'),
(598, 8, 22.86, '2019-01-01 04:19:11.323779'),
(599, 1, 29.23, '2019-01-01 04:19:11.339533'),
(600, 2, 27.97, '2019-01-01 04:19:11.377018'),
(601, 3, 22.26, '2019-01-01 04:19:11.381353'),
(602, 4, 31.96, '2019-01-01 04:19:11.392641'),
(603, 5, 23.89, '2019-01-01 04:19:11.404222'),
(604, 6, 29.89, '2019-01-01 04:19:11.415512'),
(605, 7, 22.93, '2019-01-01 04:19:11.427158'),
(606, 8, 25.24, '2019-01-01 04:19:11.438450'),
(607, 1, 27.39, '2019-01-01 04:19:11.462275'),
(608, 2, 28.98, '2019-01-01 04:19:11.492455'),
(609, 3, 31.15, '2019-01-01 04:19:11.506379'),
(610, 4, 24.9, '2019-01-01 04:19:11.517573'),
(611, 5, 29.33, '2019-01-01 04:19:11.529126'),
(612, 6, 26.12, '2019-01-01 04:19:11.540494'),
(613, 7, 30.49, '2019-01-01 04:19:11.543833'),
(614, 8, 30.2, '2019-01-01 04:19:11.555173'),
(615, 1, 26.3, '2019-01-01 04:19:11.578990'),
(616, 2, 32.48, '2019-01-01 04:19:11.613460'),
(617, 3, 27.24, '2019-01-01 04:19:11.625035'),
(618, 4, 32.27, '2019-01-01 04:19:11.636339'),
(619, 5, 26.77, '2019-01-01 04:19:11.639627'),
(620, 6, 26.56, '2019-01-01 04:19:11.650922'),
(621, 7, 24.18, '2019-01-01 04:19:11.654149'),
(622, 8, 24.24, '2019-01-01 04:19:11.665511'),
(623, 1, 33.98, '2019-01-01 04:19:11.681059'),
(624, 2, 27.41, '2019-01-01 04:19:11.721822'),
(625, 3, 24, '2019-01-01 04:19:11.733419'),
(626, 4, 30.03, '2019-01-01 04:19:11.744620'),
(627, 5, 23.6, '2019-01-01 04:19:11.756378'),
(628, 6, 32.85, '2019-01-01 04:19:11.767619'),
(629, 7, 33.35, '2019-01-01 04:19:11.779134'),
(630, 8, 26.41, '2019-01-01 04:19:11.790591'),
(631, 1, 24.3, '2019-01-01 04:19:11.814356'),
(632, 2, 33.96, '2019-01-01 04:19:11.851972'),
(633, 3, 24.29, '2019-01-01 04:19:11.856321'),
(634, 4, 26.41, '2019-01-01 04:19:11.867605'),
(635, 5, 24.44, '2019-01-01 04:19:11.879127'),
(636, 6, 22.38, '2019-01-01 04:19:11.890550'),
(637, 7, 28.9, '2019-01-01 04:19:11.902164'),
(638, 8, 33.86, '2019-01-01 04:19:11.913429'),
(639, 1, 24.62, '2019-01-01 04:19:11.937691'),
(640, 2, 26.78, '2019-01-01 04:19:11.951983'),
(641, 3, 27.09, '2019-01-01 04:19:11.956346'),
(642, 4, 26.84, '2019-01-01 04:19:11.967535'),
(643, 5, 25.34, '2019-01-01 04:19:11.979100'),
(644, 6, 32.99, '2019-01-01 04:19:11.990439'),
(645, 7, 31.74, '2019-01-01 04:19:11.993711'),
(646, 8, 30.16, '2019-01-01 04:19:12.005054'),
(647, 1, 28.34, '2019-01-01 04:19:12.016603'),
(648, 2, 34.88, '2019-01-01 04:19:12.055048'),
(649, 3, 31.4, '2019-01-01 04:19:12.058333'),
(650, 4, 29.65, '2019-01-01 04:19:12.063432'),
(651, 5, 26.35, '2019-01-01 04:19:12.074983'),
(652, 6, 23.7, '2019-01-01 04:19:12.086249'),
(653, 7, 32.25, '2019-01-01 04:19:12.089698'),
(654, 8, 25.23, '2019-01-01 04:19:12.100826'),
(655, 1, 30.05, '2019-01-01 04:19:12.112725'),
(656, 2, 29.29, '2019-01-01 04:19:12.126884'),
(657, 3, 27.31, '2019-01-01 04:19:12.131274'),
(658, 4, 32.07, '2019-01-01 04:19:12.142496'),
(659, 5, 24.35, '2019-01-01 04:19:12.145688'),
(660, 6, 32.85, '2019-01-01 04:19:12.157160'),
(661, 7, 35, '2019-01-01 04:19:12.160404'),
(662, 8, 31.41, '2019-01-01 04:19:12.171756'),
(663, 1, 25.85, '2019-01-01 04:19:12.192064'),
(664, 2, 26.48, '2019-01-01 04:19:12.218603'),
(665, 3, 31.63, '2019-01-01 04:19:12.222931'),
(666, 4, 31.34, '2019-01-01 04:19:12.234141'),
(667, 5, 29.36, '2019-01-01 04:19:12.237400'),
(668, 6, 33.36, '2019-01-01 04:19:12.248772'),
(669, 7, 27.6, '2019-01-01 04:19:12.252013'),
(670, 8, 30.19, '2019-01-01 04:19:12.263393'),
(671, 1, 34.16, '2019-01-01 04:19:12.274773'),
(672, 2, 22.58, '2019-01-01 04:19:12.301890'),
(673, 3, 33.97, '2019-01-01 04:19:12.306270'),
(674, 4, 25.36, '2019-01-01 04:19:12.317520'),
(675, 5, 25.54, '2019-01-01 04:19:12.320756'),
(676, 6, 26.84, '2019-01-01 04:19:12.332125'),
(677, 7, 27.29, '2019-01-01 04:19:12.335385'),
(678, 8, 32.7, '2019-01-01 04:19:12.346746'),
(679, 1, 32.84, '2019-01-01 04:19:12.366668'),
(680, 2, 26.75, '2019-01-01 04:19:12.392518'),
(681, 3, 23.17, '2019-01-01 04:19:12.395763'),
(682, 4, 28.47, '2019-01-01 04:19:12.407082'),
(683, 5, 23.24, '2019-01-01 04:19:12.410312'),
(684, 6, 29.69, '2019-01-01 04:19:12.421733'),
(685, 7, 27.42, '2019-01-01 04:19:12.424992'),
(686, 8, 33.24, '2019-01-01 04:19:12.436227'),
(687, 1, 33.9, '2019-01-01 04:19:12.449172'),
(688, 2, 28.78, '2019-01-01 04:19:12.488439'),
(689, 3, 32.93, '2019-01-01 04:19:12.500006'),
(690, 4, 28.46, '2019-01-01 04:19:12.511260'),
(691, 5, 28.26, '2019-01-01 04:19:12.514571'),
(692, 6, 26.73, '2019-01-01 04:19:12.525843'),
(693, 7, 32.79, '2019-01-01 04:19:12.529081'),
(694, 8, 32.88, '2019-01-01 04:19:12.540456'),
(695, 1, 30.72, '2019-01-01 04:19:12.553231'),
(696, 2, 25.98, '2019-01-01 04:19:12.576883'),
(697, 3, 29.68, '2019-01-01 04:19:12.581237'),
(698, 4, 27.83, '2019-01-01 04:19:12.592515'),
(699, 5, 30.66, '2019-01-01 04:19:12.595766'),
(700, 6, 29.49, '2019-01-01 04:19:12.607182'),
(701, 7, 27.87, '2019-01-01 04:19:12.610342'),
(702, 8, 26.24, '2019-01-01 04:19:12.621752'),
(703, 1, 28.58, '2019-01-01 04:19:12.644264'),
(704, 2, 26.17, '2019-01-01 04:19:12.660155'),
(705, 3, 29.31, '2019-01-01 04:19:12.664581'),
(706, 4, 22.48, '2019-01-01 04:19:12.675863'),
(707, 5, 22.83, '2019-01-01 04:19:12.687434'),
(708, 6, 25.87, '2019-01-01 04:19:12.698760'),
(709, 7, 28.04, '2019-01-01 04:19:12.702000'),
(710, 8, 25.21, '2019-01-01 04:19:12.705011'),
(711, 1, 30.87, '2019-01-01 04:19:12.716413'),
(712, 2, 31.92, '2019-01-01 04:19:12.755047'),
(713, 3, 34.56, '2019-01-01 04:19:12.758305'),
(714, 4, 34.04, '2019-01-01 04:19:12.769563'),
(715, 5, 23.64, '2019-01-01 04:19:12.772911'),
(716, 6, 27.83, '2019-01-01 04:19:12.784141'),
(717, 7, 24.87, '2019-01-01 04:19:12.787436'),
(718, 8, 29.37, '2019-01-01 04:19:12.798830'),
(719, 1, 26.8, '2019-01-01 04:19:12.818248'),
(720, 2, 34.62, '2019-01-01 04:19:12.842459'),
(721, 3, 24.71, '2019-01-01 04:19:12.845645'),
(722, 4, 28.76, '2019-01-01 04:19:12.848675'),
(723, 5, 29.96, '2019-01-01 04:19:12.851935'),
(724, 6, 33.51, '2019-01-01 04:19:12.854948'),
(725, 7, 27.98, '2019-01-01 04:19:12.858205'),
(726, 8, 26.98, '2019-01-01 04:19:12.869499'),
(727, 1, 34.92, '2019-01-01 04:19:12.880759'),
(728, 2, 29.79, '2019-01-01 04:19:12.922948'),
(729, 3, 28.51, '2019-01-01 04:19:12.934534'),
(730, 4, 33.44, '2019-01-01 04:19:12.938556'),
(731, 5, 26.25, '2019-01-01 04:19:12.950153'),
(732, 6, 33.59, '2019-01-01 04:19:12.955311'),
(733, 7, 30.33, '2019-01-01 04:19:12.966965'),
(734, 8, 32.07, '2019-01-01 04:19:12.972000'),
(735, 1, 23.11, '2019-01-01 04:19:13.002984'),
(736, 2, 26.88, '2019-01-01 04:19:13.030212'),
(737, 3, 33.55, '2019-01-01 04:19:13.041760'),
(738, 4, 34.21, '2019-01-01 04:19:13.052950'),
(739, 5, 29.57, '2019-01-01 04:19:13.056346'),
(740, 6, 27.7, '2019-01-01 04:19:13.060291'),
(741, 7, 30.83, '2019-01-01 04:19:13.064722'),
(742, 8, 23.63, '2019-01-01 04:19:13.068675'),
(743, 1, 28.87, '2019-01-01 04:19:13.087608'),
(744, 2, 27.67, '2019-01-01 04:19:13.110426'),
(745, 3, 27.37, '2019-01-01 04:19:13.114630'),
(746, 4, 28.38, '2019-01-01 04:19:13.125919'),
(747, 5, 31.34, '2019-01-01 04:19:13.137479'),
(748, 6, 27.35, '2019-01-01 04:19:13.148882'),
(749, 7, 33.46, '2019-01-01 04:19:13.160444'),
(750, 8, 23.98, '2019-01-01 04:19:13.171779'),
(751, 1, 34.94, '2019-01-01 04:19:13.197549'),
(752, 2, 30.08, '2019-01-01 04:19:13.235335'),
(753, 3, 31.52, '2019-01-01 04:19:13.239630'),
(754, 4, 23.82, '2019-01-01 04:19:13.250882'),
(755, 5, 31.01, '2019-01-01 04:19:13.262541'),
(756, 6, 22.28, '2019-01-01 04:19:13.292449'),
(757, 7, 34.58, '2019-01-01 04:19:13.306397'),
(758, 8, 28.57, '2019-01-01 04:19:13.310374'),
(759, 1, 28.14, '2019-01-01 04:19:13.329029'),
(760, 2, 25.46, '2019-01-01 04:19:13.352045'),
(761, 3, 26.4, '2019-01-01 04:19:13.356322'),
(762, 4, 28.48, '2019-01-01 04:19:13.367668'),
(763, 5, 22.41, '2019-01-01 04:19:13.379227'),
(764, 6, 34.27, '2019-01-01 04:19:13.383215'),
(765, 7, 34.36, '2019-01-01 04:19:13.386497'),
(766, 8, 28.22, '2019-01-01 04:19:13.397894'),
(767, 1, 33.96, '2019-01-01 04:19:13.424132'),
(768, 2, 29.52, '2019-01-01 04:19:13.443723'),
(769, 3, 24.38, '2019-01-01 04:19:13.448058'),
(770, 4, 24.15, '2019-01-01 04:19:13.451921'),
(771, 5, 26.02, '2019-01-01 04:19:13.456373'),
(772, 6, 24.25, '2019-01-01 04:19:13.467681'),
(773, 7, 32.83, '2019-01-01 04:19:13.479261'),
(774, 8, 24.7, '2019-01-01 04:19:13.490550'),
(775, 1, 32.41, '2019-01-01 04:19:13.516926'),
(776, 2, 32.86, '2019-01-01 04:19:13.555204'),
(777, 3, 28.2, '2019-01-01 04:19:13.566782'),
(778, 4, 27.21, '2019-01-01 04:19:13.571790'),
(779, 5, 25.09, '2019-01-01 04:19:13.583450'),
(780, 6, 27.76, '2019-01-01 04:19:13.588469'),
(781, 7, 22.1, '2019-01-01 04:19:13.600107'),
(782, 8, 26.98, '2019-01-01 04:19:13.605115'),
(783, 1, 26.53, '2019-01-01 04:19:13.631558'),
(784, 2, 30.12, '2019-01-01 04:19:13.671887'),
(785, 3, 31.33, '2019-01-01 04:19:13.683434'),
(786, 4, 28.61, '2019-01-01 04:19:13.688561'),
(787, 5, 33.99, '2019-01-01 04:19:13.700067'),
(788, 6, 28.85, '2019-01-01 04:19:13.711356'),
(789, 7, 27.73, '2019-01-01 04:19:13.723052'),
(790, 8, 26.05, '2019-01-01 04:19:13.726906'),
(791, 1, 34.91, '2019-01-01 04:19:13.746322'),
(792, 2, 24.67, '2019-01-01 04:19:13.768737'),
(793, 3, 32.73, '2019-01-01 04:19:13.772992'),
(794, 4, 29.77, '2019-01-01 04:19:13.784361'),
(795, 5, 28.3, '2019-01-01 04:19:13.795857'),
(796, 6, 29.02, '2019-01-01 04:19:13.807345'),
(797, 7, 22.27, '2019-01-01 04:19:13.818819'),
(798, 8, 22.28, '2019-01-01 04:19:13.830236'),
(799, 1, 29.13, '2019-01-01 04:19:13.856775'),
(800, 2, 22.56, '2019-01-01 04:19:13.897922'),
(801, 3, 29.63, '2019-01-01 04:19:13.909479'),
(802, 4, 25.36, '2019-01-01 04:19:13.913485'),
(803, 5, 34.46, '2019-01-01 04:19:13.925203'),
(804, 6, 24.15, '2019-01-01 04:19:13.930196'),
(805, 7, 25.79, '2019-01-01 04:19:13.941863'),
(806, 8, 27.96, '2019-01-01 04:19:13.946830'),
(807, 1, 33.47, '2019-01-01 04:19:13.973057'),
(808, 2, 29.39, '2019-01-01 04:19:14.013535'),
(809, 3, 22.12, '2019-01-01 04:19:14.025177'),
(810, 4, 24.38, '2019-01-01 04:19:14.030109'),
(811, 5, 28.08, '2019-01-01 04:19:14.041799'),
(812, 6, 34.17, '2019-01-01 04:19:14.046755'),
(813, 7, 29.36, '2019-01-01 04:19:14.058432'),
(814, 8, 27.7, '2019-01-01 04:19:14.063427'),
(815, 1, 26.7, '2019-01-01 04:19:14.089635'),
(816, 2, 33.06, '2019-01-01 04:19:14.126980'),
(817, 3, 22.95, '2019-01-01 04:19:14.131331'),
(818, 4, 30.55, '2019-01-01 04:19:14.142664'),
(819, 5, 22.08, '2019-01-01 04:19:14.154200'),
(820, 6, 24.77, '2019-01-01 04:19:14.165589'),
(821, 7, 33.09, '2019-01-01 04:19:14.177189'),
(822, 8, 32.98, '2019-01-01 04:19:14.188486'),
(823, 1, 31.4, '2019-01-01 04:19:14.214991'),
(824, 2, 28.05, '2019-01-01 04:19:14.252042'),
(825, 3, 32.48, '2019-01-01 04:19:14.256319'),
(826, 4, 22.1, '2019-01-01 04:19:14.267608'),
(827, 5, 26.91, '2019-01-01 04:19:14.279227'),
(828, 6, 31.5, '2019-01-01 04:19:14.283209'),
(829, 7, 30.03, '2019-01-01 04:19:14.294940'),
(830, 8, 27.64, '2019-01-01 04:19:14.298788'),
(831, 1, 26.97, '2019-01-01 04:19:14.325762'),
(832, 2, 25.42, '2019-01-01 04:19:14.363530'),
(833, 3, 32.87, '2019-01-01 04:19:14.375076'),
(834, 4, 24.58, '2019-01-01 04:19:14.380151'),
(835, 5, 23.89, '2019-01-01 04:19:14.391776'),
(836, 6, 28.21, '2019-01-01 04:19:14.396773'),
(837, 7, 23.84, '2019-01-01 04:19:14.408381'),
(838, 8, 25, '2019-01-01 04:19:14.419638'),
(839, 1, 26.36, '2019-01-01 04:19:14.446715'),
(840, 2, 32.9, '2019-01-01 04:19:14.468648'),
(841, 3, 30.1, '2019-01-01 04:19:14.473015'),
(842, 4, 29.56, '2019-01-01 04:19:14.484257'),
(843, 5, 30.18, '2019-01-01 04:19:14.495877'),
(844, 6, 24.44, '2019-01-01 04:19:14.507212'),
(845, 7, 25.68, '2019-01-01 04:19:14.518878'),
(846, 8, 24.16, '2019-01-01 04:19:14.530260'),
(847, 1, 28.38, '2019-01-01 04:19:14.556512'),
(848, 2, 28.39, '2019-01-01 04:19:14.596902'),
(849, 3, 24.05, '2019-01-01 04:19:14.608494'),
(850, 4, 23.43, '2019-01-01 04:19:14.613508'),
(851, 5, 24.71, '2019-01-01 04:19:14.625111'),
(852, 6, 30.71, '2019-01-01 04:19:14.630120'),
(853, 7, 34.35, '2019-01-01 04:19:14.641756'),
(854, 8, 23.24, '2019-01-01 04:19:14.646785'),
(855, 1, 24.84, '2019-01-01 04:19:14.673069'),
(856, 2, 25.6, '2019-01-01 04:19:14.693646'),
(857, 3, 23.23, '2019-01-01 04:19:14.697982'),
(858, 4, 23.42, '2019-01-01 04:19:14.709215'),
(859, 5, 29.74, '2019-01-01 04:19:14.720863'),
(860, 6, 22.32, '2019-01-01 04:19:14.732272'),
(861, 7, 32.83, '2019-01-01 04:19:14.743804'),
(862, 8, 34.27, '2019-01-01 04:19:14.755200'),
(863, 1, 30.87, '2019-01-01 04:19:14.781747'),
(864, 2, 27.91, '2019-01-01 04:19:14.822845'),
(865, 3, 34.23, '2019-01-01 04:19:14.834470'),
(866, 4, 34.84, '2019-01-01 04:19:14.838435'),
(867, 5, 30.59, '2019-01-01 04:19:14.850097'),
(868, 6, 29.86, '2019-01-01 04:19:14.855075'),
(869, 7, 26.23, '2019-01-01 04:19:14.866809'),
(870, 8, 28.52, '2019-01-01 04:19:14.871803'),
(871, 1, 22.12, '2019-01-01 04:19:14.898394'),
(872, 2, 23.83, '2019-01-01 04:19:14.939556'),
(873, 3, 34.29, '2019-01-01 04:19:14.951101'),
(874, 4, 24.14, '2019-01-01 04:19:14.955080'),
(875, 5, 27.3, '2019-01-01 04:19:14.966796'),
(876, 6, 29.92, '2019-01-01 04:19:14.971874'),
(877, 7, 22.86, '2019-01-01 04:19:14.983486'),
(878, 8, 26.5, '2019-01-01 04:19:14.988418'),
(879, 1, 29.67, '2019-01-01 04:19:15.014477'),
(880, 2, 34.25, '2019-01-01 04:19:15.056156'),
(881, 3, 29.12, '2019-01-01 04:19:15.067740'),
(882, 4, 29.58, '2019-01-01 04:19:15.071803'),
(883, 5, 32.95, '2019-01-01 04:19:15.083443'),
(884, 6, 31.49, '2019-01-01 04:19:15.088447'),
(885, 7, 23.88, '2019-01-01 04:19:15.100093'),
(886, 8, 23.98, '2019-01-01 04:19:15.105119'),
(887, 1, 27.74, '2019-01-01 04:19:15.132083'),
(888, 2, 30.99, '2019-01-01 04:19:15.152041'),
(889, 3, 31.19, '2019-01-01 04:19:15.156318'),
(890, 4, 30.56, '2019-01-01 04:19:15.167628'),
(891, 5, 26.77, '2019-01-01 04:19:15.179172'),
(892, 6, 28.41, '2019-01-01 04:19:15.190514'),
(893, 7, 23.13, '2019-01-01 04:19:15.202193'),
(894, 8, 26.84, '2019-01-01 04:19:15.213534'),
(895, 1, 23.34, '2019-01-01 04:19:15.240344'),
(896, 2, 33.91, '2019-01-01 04:19:15.281240'),
(897, 3, 24.09, '2019-01-01 04:19:15.292815'),
(898, 4, 29.56, '2019-01-01 04:19:15.296752'),
(899, 5, 26.28, '2019-01-01 04:19:15.308411'),
(900, 6, 24.83, '2019-01-01 04:19:15.319598'),
(901, 7, 23.88, '2019-01-01 04:19:15.331275'),
(902, 8, 32.15, '2019-01-01 04:19:15.342550'),
(903, 1, 23.91, '2019-01-01 04:19:15.368932'),
(904, 2, 23.8, '2019-01-01 04:19:15.406144'),
(905, 3, 29.27, '2019-01-01 04:19:15.417689'),
(906, 4, 25.42, '2019-01-01 04:19:15.421789'),
(907, 5, 34.6, '2019-01-01 04:19:15.433419'),
(908, 6, 32.12, '2019-01-01 04:19:15.444653'),
(909, 7, 34.91, '2019-01-01 04:19:15.447928'),
(910, 8, 24.75, '2019-01-01 04:19:15.459196'),
(911, 1, 27.48, '2019-01-01 04:19:15.485131'),
(912, 2, 31.96, '2019-01-01 04:19:15.522846'),
(913, 3, 26.57, '2019-01-01 04:19:15.534351'),
(914, 4, 23.41, '2019-01-01 04:19:15.538489'),
(915, 5, 33.96, '2019-01-01 04:19:15.550064'),
(916, 6, 24.94, '2019-01-01 04:19:15.555099'),
(917, 7, 28.39, '2019-01-01 04:19:15.577995'),
(918, 8, 33.27, '2019-01-01 04:19:15.581293'),
(919, 1, 22.74, '2019-01-01 04:19:15.607268'),
(920, 2, 33.57, '2019-01-01 04:19:15.659119'),
(921, 3, 28.83, '2019-01-01 04:19:15.672816'),
(922, 4, 25.08, '2019-01-01 04:19:15.677053'),
(923, 5, 31.16, '2019-01-01 04:19:15.688500'),
(924, 6, 31.9, '2019-01-01 04:19:15.700015'),
(925, 7, 25.49, '2019-01-01 04:19:15.711333'),
(926, 8, 28.58, '2019-01-01 04:19:15.723006'),
(927, 1, 22.05, '2019-01-01 04:19:15.741489'),
(928, 2, 25.07, '2019-01-01 04:19:15.768738'),
(929, 3, 29.69, '2019-01-01 04:19:15.780106'),
(930, 4, 32.7, '2019-01-01 04:19:15.791751'),
(931, 5, 29.51, '2019-01-01 04:19:15.796816'),
(932, 6, 34.11, '2019-01-01 04:19:15.808384'),
(933, 7, 26.81, '2019-01-01 04:19:15.819555'),
(934, 8, 25.28, '2019-01-01 04:19:15.831358'),
(935, 1, 22.63, '2019-01-01 04:19:15.849778'),
(936, 2, 23.31, '2019-01-01 04:19:15.889618'),
(937, 3, 30.38, '2019-01-01 04:19:15.900933'),
(938, 4, 28.41, '2019-01-01 04:19:15.912466'),
(939, 5, 31.62, '2019-01-01 04:19:15.923821'),
(940, 6, 32.89, '2019-01-01 04:19:15.935433'),
(941, 7, 23.46, '2019-01-01 04:19:15.946776'),
(942, 8, 33.59, '2019-01-01 04:19:15.958326'),
(943, 1, 34.16, '2019-01-01 04:19:15.984236'),
(944, 2, 34.33, '2019-01-01 04:19:16.002091'),
(945, 3, 30.05, '2019-01-01 04:19:16.013464'),
(946, 4, 27.08, '2019-01-01 04:19:16.025040'),
(947, 5, 23.47, '2019-01-01 04:19:16.036268'),
(948, 6, 30.44, '2019-01-01 04:19:16.047966'),
(949, 7, 26.7, '2019-01-01 04:19:16.059193'),
(950, 8, 29.88, '2019-01-01 04:19:16.070773'),
(951, 1, 31.29, '2019-01-01 04:19:16.096696'),
(952, 2, 28.09, '2019-01-01 04:19:16.115468'),
(953, 3, 25.18, '2019-01-01 04:19:16.127097'),
(954, 4, 23.91, '2019-01-01 04:19:16.138421'),
(955, 5, 34.42, '2019-01-01 04:19:16.150067'),
(956, 6, 29.75, '2019-01-01 04:19:16.155104'),
(957, 7, 22.92, '2019-01-01 04:19:16.166754'),
(958, 8, 28.96, '2019-01-01 04:19:16.178005'),
(959, 1, 26.58, '2019-01-01 04:19:16.214837'),
(960, 2, 27.15, '2019-01-01 04:19:16.235253'),
(961, 3, 31.98, '2019-01-01 04:19:16.239581'),
(962, 4, 34.25, '2019-01-01 04:19:16.250964'),
(963, 5, 30.04, '2019-01-01 04:19:16.262514'),
(964, 6, 31.99, '2019-01-01 04:19:16.273814'),
(965, 7, 28.56, '2019-01-01 04:19:16.285429'),
(966, 8, 22.63, '2019-01-01 04:19:16.296849'),
(967, 1, 26.48, '2019-01-01 04:19:16.332358'),
(968, 2, 26.33, '2019-01-01 04:19:16.363424'),
(969, 3, 25.43, '2019-01-01 04:19:16.375206'),
(970, 4, 30.36, '2019-01-01 04:19:16.380276'),
(971, 5, 25.02, '2019-01-01 04:19:16.384517'),
(972, 6, 22.94, '2019-01-01 04:19:16.388828'),
(973, 7, 29.74, '2019-01-01 04:19:16.392899'),
(974, 8, 26.18, '2019-01-01 04:19:16.396918'),
(975, 1, 22.08, '2019-01-01 04:19:16.435262'),
(976, 2, 29.06, '2019-01-01 04:19:16.464728'),
(977, 3, 29.76, '2019-01-01 04:19:16.468990'),
(978, 4, 31.5, '2019-01-01 04:19:16.472984'),
(979, 5, 30.1, '2019-01-01 04:19:16.477273'),
(980, 6, 27.27, '2019-01-01 04:19:16.481306'),
(981, 7, 32.98, '2019-01-01 04:19:16.485612'),
(982, 8, 28.34, '2019-01-01 04:19:16.489600'),
(983, 1, 25.12, '2019-01-01 04:19:16.520728'),
(984, 2, 30.98, '2019-01-01 04:19:16.547813'),
(985, 3, 34.09, '2019-01-01 04:19:16.559595'),
(986, 4, 32.34, '2019-01-01 04:19:16.563615'),
(987, 5, 25.69, '2019-01-01 04:19:16.575249'),
(988, 6, 24.62, '2019-01-01 04:19:16.580292'),
(989, 7, 22.91, '2019-01-01 04:19:16.591912'),
(990, 8, 25.52, '2019-01-01 04:19:16.596948'),
(991, 1, 34.72, '2019-01-01 04:19:16.635695'),
(992, 2, 25.89, '2019-01-01 04:19:16.664468'),
(993, 3, 26.91, '2019-01-01 04:19:16.676254'),
(994, 4, 25.68, '2019-01-01 04:19:16.680255'),
(995, 5, 27.92, '2019-01-01 04:19:16.691886'),
(996, 6, 22.67, '2019-01-01 04:19:16.696923'),
(997, 7, 28.7, '2019-01-01 04:19:16.708505'),
(998, 8, 24.2, '2019-01-01 04:19:16.713559'),
(999, 1, 29.79, '2019-01-01 04:19:16.752058'),
(1000, 2, 29.69, '2019-01-01 04:19:16.781100'),
(1001, 3, 32.12, '2019-01-01 04:19:16.792708'),
(1002, 4, 26.13, '2019-01-01 04:19:16.796770'),
(1003, 5, 34.68, '2019-01-01 04:19:16.799993'),
(1004, 6, 23.46, '2019-01-01 04:19:16.811269'),
(1005, 7, 23.53, '2019-01-01 04:19:16.822926'),
(1006, 8, 28.75, '2019-01-01 04:19:16.834216'),
(1007, 1, 33.05, '2019-01-01 04:19:16.860137'),
(1008, 2, 33.47, '2019-01-01 04:19:16.875870'),
(1009, 3, 34.2, '2019-01-01 04:19:16.887628'),
(1010, 4, 23.26, '2019-01-01 04:19:16.891719'),
(1011, 5, 27.36, '2019-01-01 04:19:16.895955'),
(1012, 6, 30.4, '2019-01-01 04:19:16.900027'),
(1013, 7, 23.15, '2019-01-01 04:19:16.904294'),
(1014, 8, 23.38, '2019-01-01 04:19:16.908361'),
(1015, 1, 27.49, '2019-01-01 04:19:16.945033'),
(1016, 2, 25.88, '2019-01-01 04:19:16.970308'),
(1017, 3, 23.4, '2019-01-01 04:19:16.973899'),
(1018, 4, 27.03, '2019-01-01 04:19:16.985194'),
(1019, 5, 29.67, '2019-01-01 04:19:16.989553'),
(1020, 6, 33.4, '2019-01-01 04:19:17.000784'),
(1021, 7, 22.99, '2019-01-01 04:19:17.004044'),
(1022, 8, 28.77, '2019-01-01 04:19:17.015365'),
(1023, 1, 26.22, '2019-01-01 04:19:17.027036'),
(1024, 2, 32.64, '2019-01-01 04:19:17.063352'),
(1025, 3, 27.6, '2019-01-01 04:19:17.066559'),
(1026, 4, 23.14, '2019-01-01 04:19:17.077823'),
(1027, 5, 22.95, '2019-01-01 04:19:17.081136'),
(1028, 6, 34.11, '2019-01-01 04:19:17.092461'),
(1029, 7, 22.79, '2019-01-01 04:19:17.104046'),
(1030, 8, 32.03, '2019-01-01 04:19:17.115391'),
(1031, 1, 32.92, '2019-01-01 04:19:17.127449'),
(1032, 2, 23.76, '2019-01-01 04:19:17.143460'),
(1033, 3, 26.63, '2019-01-01 04:19:17.147772'),
(1034, 4, 24.76, '2019-01-01 04:19:17.159103'),
(1035, 5, 30.94, '2019-01-01 04:19:17.162342'),
(1036, 6, 33.58, '2019-01-01 04:19:17.173729'),
(1037, 7, 32.41, '2019-01-01 04:19:17.176973'),
(1038, 8, 32.21, '2019-01-01 04:19:17.188348'),
(1039, 1, 24.6, '2019-01-01 04:19:17.209326'),
(1040, 2, 29.78, '2019-01-01 04:19:17.246670'),
(1041, 3, 30.61, '2019-01-01 04:19:17.249861'),
(1042, 4, 24.04, '2019-01-01 04:19:17.261161'),
(1043, 5, 28.48, '2019-01-01 04:19:17.264493'),
(1044, 6, 29.47, '2019-01-01 04:19:17.275755'),
(1045, 7, 22.06, '2019-01-01 04:19:17.278989'),
(1046, 8, 28.18, '2019-01-01 04:19:17.290359'),
(1047, 1, 24.23, '2019-01-01 04:19:17.311065'),
(1048, 2, 34.43, '2019-01-01 04:19:17.346673'),
(1049, 3, 33.26, '2019-01-01 04:19:17.349884'),
(1050, 4, 33.52, '2019-01-01 04:19:17.361166'),
(1051, 5, 25.4, '2019-01-01 04:19:17.364552'),
(1052, 6, 23.2, '2019-01-01 04:19:17.375758'),
(1053, 7, 32.04, '2019-01-01 04:19:17.379008'),
(1054, 8, 29.85, '2019-01-01 04:19:17.390416'),
(1055, 1, 25.25, '2019-01-01 04:19:17.410706'),
(1056, 2, 34.98, '2019-01-01 04:19:17.435183'),
(1057, 3, 27.91, '2019-01-01 04:19:17.439538'),
(1058, 4, 23.22, '2019-01-01 04:19:17.450745'),
(1059, 5, 28.46, '2019-01-01 04:19:17.453946'),
(1060, 6, 30.81, '2019-01-01 04:19:17.457030'),
(1061, 7, 34.51, '2019-01-01 04:19:17.460294'),
(1062, 8, 23.57, '2019-01-01 04:19:17.471633'),
(1063, 1, 25.17, '2019-01-01 04:19:17.483617'),
(1064, 2, 34.84, '2019-01-01 04:19:17.500752'),
(1065, 3, 27, '2019-01-01 04:19:17.504026'),
(1066, 4, 25.91, '2019-01-01 04:19:17.515340'),
(1067, 5, 27.89, '2019-01-01 04:19:17.518649'),
(1068, 6, 24.58, '2019-01-01 04:19:17.529986'),
(1069, 7, 30.76, '2019-01-01 04:19:17.533239'),
(1070, 8, 30.92, '2019-01-01 04:19:17.544470'),
(1071, 1, 22.21, '2019-01-01 04:19:17.556019'),
(1072, 2, 24.83, '2019-01-01 04:19:17.589392'),
(1073, 3, 27.77, '2019-01-01 04:19:17.600957'),
(1074, 4, 27.02, '2019-01-01 04:19:17.605023'),
(1075, 5, 33.29, '2019-01-01 04:19:17.608249'),
(1076, 6, 30.96, '2019-01-01 04:19:17.619485'),
(1077, 7, 32.91, '2019-01-01 04:19:17.622845'),
(1078, 8, 30.48, '2019-01-01 04:19:17.634100'),
(1079, 1, 27.2, '2019-01-01 04:19:17.646644'),
(1080, 2, 32.63, '2019-01-01 04:19:17.690820'),
(1081, 3, 28.63, '2019-01-01 04:19:17.701949'),
(1082, 4, 25.01, '2019-01-01 04:19:17.713316'),
(1083, 5, 34.02, '2019-01-01 04:19:17.716517'),
(1084, 6, 27.46, '2019-01-01 04:19:17.727803'),
(1085, 7, 22.48, '2019-01-01 04:19:17.731099'),
(1086, 8, 26.72, '2019-01-01 04:19:17.742434'),
(1087, 1, 24.02, '2019-01-01 04:19:17.754743'),
(1088, 2, 34.77, '2019-01-01 04:19:17.776821'),
(1089, 3, 32.1, '2019-01-01 04:19:17.781144'),
(1090, 4, 25.63, '2019-01-01 04:19:17.792393'),
(1091, 5, 23.35, '2019-01-01 04:19:17.795584'),
(1092, 6, 33.99, '2019-01-01 04:19:17.807022'),
(1093, 7, 31.26, '2019-01-01 04:19:17.810312'),
(1094, 8, 34.8, '2019-01-01 04:19:17.821654'),
(1095, 1, 27.03, '2019-01-01 04:19:17.833409'),
(1096, 2, 30.9, '2019-01-01 04:19:17.860134'),
(1097, 3, 32.03, '2019-01-01 04:19:17.864436'),
(1098, 4, 30.34, '2019-01-01 04:19:17.875767'),
(1099, 5, 33.94, '2019-01-01 04:19:17.878968'),
(1100, 6, 34.5, '2019-01-01 04:19:17.881983'),
(1101, 7, 33.69, '2019-01-01 04:19:17.885250'),
(1102, 8, 30.04, '2019-01-01 04:19:17.896670'),
(1103, 1, 34.38, '2019-01-01 04:19:17.908045'),
(1104, 2, 30.38, '2019-01-01 04:19:17.935211'),
(1105, 3, 30.91, '2019-01-01 04:19:17.939507'),
(1106, 4, 29.87, '2019-01-01 04:19:17.950743'),
(1107, 5, 28.65, '2019-01-01 04:19:17.953919'),
(1108, 6, 32.62, '2019-01-01 04:19:17.965368'),
(1109, 7, 30.67, '2019-01-01 04:19:17.968577'),
(1110, 8, 25.18, '2019-01-01 04:19:17.971596'),
(1111, 1, 32.41, '2019-01-01 04:19:17.983564'),
(1112, 2, 27.96, '2019-01-01 04:19:18.022714');
INSERT INTO `datas` (`id`, `chart_id`, `value`, `created_at`) VALUES
(1113, 3, 28.84, '2019-01-01 04:19:18.034277'),
(1114, 4, 22.05, '2019-01-01 04:19:18.038318'),
(1115, 5, 25.65, '2019-01-01 04:19:18.041568'),
(1116, 6, 22.63, '2019-01-01 04:19:18.052841'),
(1117, 7, 32.4, '2019-01-01 04:19:18.056142'),
(1118, 8, 31.05, '2019-01-01 04:19:18.067410'),
(1119, 1, 29.96, '2019-01-01 04:19:18.079101'),
(1120, 2, 31.85, '2019-01-01 04:19:18.114357'),
(1121, 3, 31.25, '2019-01-01 04:19:18.117562'),
(1122, 4, 34.83, '2019-01-01 04:19:18.121640'),
(1123, 5, 23.37, '2019-01-01 04:19:18.124895'),
(1124, 6, 24.7, '2019-01-01 04:19:18.136168'),
(1125, 7, 29.45, '2019-01-01 04:19:18.139505'),
(1126, 8, 32.79, '2019-01-01 04:19:18.150760'),
(1127, 1, 33.61, '2019-01-01 04:19:18.161915'),
(1128, 2, 23.69, '2019-01-01 04:19:18.185150'),
(1129, 3, 24.14, '2019-01-01 04:19:18.189504'),
(1130, 4, 32.39, '2019-01-01 04:19:18.200768'),
(1131, 5, 30.33, '2019-01-01 04:19:18.203954'),
(1132, 6, 33.5, '2019-01-01 04:19:18.215358'),
(1133, 7, 23.7, '2019-01-01 04:19:18.218574'),
(1134, 8, 22.16, '2019-01-01 04:19:18.221553'),
(1135, 1, 32.93, '2019-01-01 04:19:18.232688'),
(1136, 2, 34.62, '2019-01-01 04:19:18.272707'),
(1137, 3, 28.4, '2019-01-01 04:19:18.284319'),
(1138, 4, 30.07, '2019-01-01 04:19:18.288224'),
(1139, 5, 24.16, '2019-01-01 04:19:18.291532'),
(1140, 6, 28.4, '2019-01-01 04:19:18.302852'),
(1141, 7, 29.56, '2019-01-01 04:19:18.306112'),
(1142, 8, 28.39, '2019-01-01 04:19:18.317468'),
(1143, 1, 27.59, '2019-01-01 04:19:18.337365'),
(1144, 2, 33.68, '2019-01-01 04:19:18.369501'),
(1145, 3, 31.39, '2019-01-01 04:19:18.372795'),
(1146, 4, 24.11, '2019-01-01 04:19:18.384052'),
(1147, 5, 24.64, '2019-01-01 04:19:18.387310'),
(1148, 6, 22.52, '2019-01-01 04:19:18.417296'),
(1149, 7, 34.52, '2019-01-01 04:19:18.431156'),
(1150, 8, 22.1, '2019-01-01 04:19:18.442361'),
(1151, 1, 25.54, '2019-01-01 04:19:18.453272'),
(1152, 2, 29.7, '2019-01-01 04:19:18.489380'),
(1153, 3, 29.53, '2019-01-01 04:19:18.500904'),
(1154, 4, 24.63, '2019-01-01 04:19:18.504972'),
(1155, 5, 25.95, '2019-01-01 04:19:18.508143'),
(1156, 6, 34.09, '2019-01-01 04:19:18.519462'),
(1157, 7, 34.86, '2019-01-01 04:19:18.522816'),
(1158, 8, 28.97, '2019-01-01 04:19:18.534050'),
(1159, 1, 31, '2019-01-01 04:19:18.545044'),
(1160, 2, 24.05, '2019-01-01 04:19:18.567448'),
(1161, 3, 26.75, '2019-01-01 04:19:18.578952'),
(1162, 4, 27.02, '2019-01-01 04:19:18.590362'),
(1163, 5, 32.8, '2019-01-01 04:19:18.593603'),
(1164, 6, 34.64, '2019-01-01 04:19:18.604952'),
(1165, 7, 32.96, '2019-01-01 04:19:18.608215'),
(1166, 8, 28.2, '2019-01-01 04:19:18.619455'),
(1167, 1, 25.5, '2019-01-01 04:19:18.630547'),
(1168, 2, 29.08, '2019-01-01 04:19:18.681046'),
(1169, 3, 34.5, '2019-01-01 04:19:18.684243'),
(1170, 4, 25.06, '2019-01-01 04:19:18.688213'),
(1171, 5, 28.23, '2019-01-01 04:19:18.691479'),
(1172, 6, 32.62, '2019-01-01 04:19:18.702770'),
(1173, 7, 24.49, '2019-01-01 04:19:18.706135'),
(1174, 8, 22.84, '2019-01-01 04:19:18.717328'),
(1175, 1, 31.16, '2019-01-01 04:19:18.728489'),
(1176, 2, 32.09, '2019-01-01 04:19:18.764514'),
(1177, 3, 34.77, '2019-01-01 04:19:18.776174'),
(1178, 4, 29.25, '2019-01-01 04:19:18.780098'),
(1179, 5, 32.06, '2019-01-01 04:19:18.791716'),
(1180, 6, 30.81, '2019-01-01 04:19:18.796772'),
(1181, 7, 24.31, '2019-01-01 04:19:18.808375'),
(1182, 8, 26.63, '2019-01-01 04:19:18.813500'),
(1183, 1, 32.86, '2019-01-01 04:19:18.844574'),
(1184, 2, 30.59, '2019-01-01 04:19:18.880184'),
(1185, 3, 32.28, '2019-01-01 04:19:18.891742'),
(1186, 4, 34.32, '2019-01-01 04:19:18.896820'),
(1187, 5, 23.83, '2019-01-01 04:19:18.908414'),
(1188, 6, 33.85, '2019-01-01 04:19:18.913413'),
(1189, 7, 26.84, '2019-01-01 04:19:18.925054'),
(1190, 8, 32.1, '2019-01-01 04:19:18.930104'),
(1191, 1, 31.39, '2019-01-01 04:19:18.961160'),
(1192, 2, 22.45, '2019-01-01 04:19:18.997927'),
(1193, 3, 24.61, '2019-01-01 04:19:19.009415'),
(1194, 4, 25.59, '2019-01-01 04:19:19.013561'),
(1195, 5, 30.85, '2019-01-01 04:19:19.017749'),
(1196, 6, 32.32, '2019-01-01 04:19:19.021789'),
(1197, 7, 30.83, '2019-01-01 04:19:19.033433'),
(1198, 8, 26.12, '2019-01-01 04:19:19.038485'),
(1199, 1, 26.72, '2019-01-01 04:19:19.076976'),
(1200, 2, 24.59, '2019-01-01 04:19:19.103215'),
(1201, 3, 29.42, '2019-01-01 04:19:19.107513'),
(1202, 4, 24.65, '2019-01-01 04:19:19.111418'),
(1203, 5, 22.92, '2019-01-01 04:19:19.123133'),
(1204, 6, 32.77, '2019-01-01 04:19:19.127030'),
(1205, 7, 29.25, '2019-01-01 04:19:19.136427'),
(1206, 8, 25.33, '2019-01-01 04:19:19.148201'),
(1207, 1, 30.71, '2019-01-01 04:19:19.197166'),
(1208, 2, 31.28, '2019-01-01 04:19:19.215759'),
(1209, 3, 28.31, '2019-01-01 04:19:19.219539'),
(1210, 4, 26.1, '2019-01-01 04:19:19.231330'),
(1211, 5, 24.52, '2019-01-01 04:19:19.235225'),
(1212, 6, 23.29, '2019-01-01 04:19:19.239551'),
(1213, 7, 30.3, '2019-01-01 04:19:19.250971'),
(1214, 8, 28.26, '2019-01-01 04:19:19.262582'),
(1215, 1, 26.81, '2019-01-01 04:19:19.283740'),
(1216, 2, 34.1, '2019-01-01 04:19:19.301135'),
(1217, 3, 22.83, '2019-01-01 04:19:19.305116'),
(1218, 4, 28.15, '2019-01-01 04:19:19.316772'),
(1219, 5, 32.92, '2019-01-01 04:19:19.321764'),
(1220, 6, 34.19, '2019-01-01 04:19:19.333490'),
(1221, 7, 24.26, '2019-01-01 04:19:19.338446'),
(1222, 8, 24.48, '2019-01-01 04:19:19.350057'),
(1223, 1, 25.85, '2019-01-01 04:19:19.372087'),
(1224, 2, 28.83, '2019-01-01 04:19:19.414686'),
(1225, 3, 30.24, '2019-01-01 04:19:19.418572'),
(1226, 4, 24.52, '2019-01-01 04:19:19.422936'),
(1227, 5, 34.21, '2019-01-01 04:19:19.434466'),
(1228, 6, 26.69, '2019-01-01 04:19:19.439935'),
(1229, 7, 33.63, '2019-01-01 04:19:19.452067'),
(1230, 8, 28.31, '2019-01-01 04:19:19.456405'),
(1231, 1, 25.52, '2019-01-01 04:19:19.487431'),
(1232, 2, 28.77, '2019-01-01 04:19:19.514834'),
(1233, 3, 25.47, '2019-01-01 04:19:19.527077'),
(1234, 4, 33.72, '2019-01-01 04:19:19.531487'),
(1235, 5, 29.32, '2019-01-01 04:19:19.535381'),
(1236, 6, 26.16, '2019-01-01 04:19:19.539743'),
(1237, 7, 28.96, '2019-01-01 04:19:19.543724'),
(1238, 8, 28.69, '2019-01-01 04:19:19.548071'),
(1239, 1, 30.83, '2019-01-01 04:19:19.579170'),
(1240, 2, 33.25, '2019-01-01 04:19:19.606292'),
(1241, 3, 32.8, '2019-01-01 04:19:19.617716'),
(1242, 4, 30.13, '2019-01-01 04:19:19.623073'),
(1243, 5, 33.32, '2019-01-01 04:19:19.627054'),
(1244, 6, 31.12, '2019-01-01 04:19:19.631425'),
(1245, 7, 31.12, '2019-01-01 04:19:19.635372'),
(1246, 8, 31.25, '2019-01-01 04:19:19.639746'),
(1247, 1, 32.84, '2019-01-01 04:19:19.670704'),
(1248, 2, 27.16, '2019-01-01 04:19:19.697952'),
(1249, 3, 23.5, '2019-01-01 04:19:19.709108'),
(1250, 4, 26.54, '2019-01-01 04:19:19.712429'),
(1251, 5, 34.74, '2019-01-01 04:19:19.723725'),
(1252, 6, 26.77, '2019-01-01 04:19:19.735331'),
(1253, 7, 28.28, '2019-01-01 04:19:19.746779'),
(1254, 8, 31.32, '2019-01-01 04:19:19.758344'),
(1255, 1, 33.74, '2019-01-01 04:19:19.790451'),
(1256, 2, 28.48, '2019-01-01 04:19:19.820742'),
(1257, 3, 33.4, '2019-01-01 04:19:19.832067'),
(1258, 4, 25.85, '2019-01-01 04:19:19.843714'),
(1259, 5, 34.92, '2019-01-01 04:19:19.855278'),
(1260, 6, 26.99, '2019-01-01 04:19:19.859513'),
(1261, 7, 27.34, '2019-01-01 04:19:19.863599'),
(1262, 8, 34.67, '2019-01-01 04:19:19.867846'),
(1263, 1, 24.42, '2019-01-01 04:19:19.899703'),
(1264, 2, 28.85, '2019-01-01 04:19:19.931597'),
(1265, 3, 29.52, '2019-01-01 04:19:19.959513'),
(1266, 4, 25.73, '2019-01-01 04:19:19.964816'),
(1267, 5, 31.9, '2019-01-01 04:19:19.968750'),
(1268, 6, 26.95, '2019-01-01 04:19:19.973120'),
(1269, 7, 24.28, '2019-01-01 04:19:19.977061'),
(1270, 8, 24.6, '2019-01-01 04:19:19.981444'),
(1271, 1, 25.44, '2019-01-01 04:19:20.008779'),
(1272, 2, 33.53, '2019-01-01 04:19:20.039660'),
(1273, 3, 27.29, '2019-01-01 04:19:20.043589'),
(1274, 4, 33.96, '2019-01-01 04:19:20.047863'),
(1275, 5, 27.92, '2019-01-01 04:19:20.059210'),
(1276, 6, 30.37, '2019-01-01 04:19:20.070725'),
(1277, 7, 33.18, '2019-01-01 04:19:20.082138'),
(1278, 8, 28.36, '2019-01-01 04:19:20.093775'),
(1279, 1, 22.97, '2019-01-01 04:19:20.112625'),
(1280, 2, 27.84, '2019-01-01 04:19:20.135435'),
(1281, 3, 26.27, '2019-01-01 04:19:20.146822'),
(1282, 4, 22.71, '2019-01-01 04:19:20.158447'),
(1283, 5, 31.07, '2019-01-01 04:19:20.166682'),
(1284, 6, 30.7, '2019-01-01 04:19:20.171721'),
(1285, 7, 33.4, '2019-01-01 04:19:20.183396'),
(1286, 8, 31.27, '2019-01-01 04:19:20.188398'),
(1287, 1, 34.84, '2019-01-01 04:19:20.214843'),
(1288, 2, 28.1, '2019-01-01 04:19:20.252941'),
(1289, 3, 29, '2019-01-01 04:19:20.264597'),
(1290, 4, 32.3, '2019-01-01 04:19:20.268524'),
(1291, 5, 26.43, '2019-01-01 04:19:20.272967'),
(1292, 6, 24.07, '2019-01-01 04:19:20.276875'),
(1293, 7, 32.45, '2019-01-01 04:19:20.281273'),
(1294, 8, 27.76, '2019-01-01 04:19:20.292519'),
(1295, 1, 26.54, '2019-01-01 04:19:20.319553'),
(1296, 2, 34.07, '2019-01-01 04:19:20.357246'),
(1297, 3, 28.6, '2019-01-01 04:19:20.368791'),
(1298, 4, 30.43, '2019-01-01 04:19:20.380084'),
(1299, 5, 33.86, '2019-01-01 04:19:20.391680'),
(1300, 6, 22.88, '2019-01-01 04:19:20.396713'),
(1301, 7, 31.78, '2019-01-01 04:19:20.408350'),
(1302, 8, 31.12, '2019-01-01 04:19:20.413378'),
(1303, 1, 32.19, '2019-01-01 04:19:20.440565'),
(1304, 2, 29.76, '2019-01-01 04:19:20.481134'),
(1305, 3, 25.42, '2019-01-01 04:19:20.492675'),
(1306, 4, 29.2, '2019-01-01 04:19:20.496690'),
(1307, 5, 35, '2019-01-01 04:19:20.508319'),
(1308, 6, 25.83, '2019-01-01 04:19:20.513440'),
(1309, 7, 30.77, '2019-01-01 04:19:20.524989'),
(1310, 8, 28.86, '2019-01-01 04:19:20.536182'),
(1311, 1, 34.6, '2019-01-01 04:19:20.554611'),
(1312, 2, 26.84, '2019-01-01 04:19:20.576946'),
(1313, 3, 25.37, '2019-01-01 04:19:20.581257'),
(1314, 4, 24.05, '2019-01-01 04:19:20.585186'),
(1315, 5, 31.79, '2019-01-01 04:19:20.589575'),
(1316, 6, 23.71, '2019-01-01 04:19:20.600787'),
(1317, 7, 26.29, '2019-01-01 04:19:20.612401'),
(1318, 8, 26.99, '2019-01-01 04:19:20.623724'),
(1319, 1, 33.8, '2019-01-01 04:19:20.650412'),
(1320, 2, 33.08, '2019-01-01 04:19:20.668681'),
(1321, 3, 24.83, '2019-01-01 04:19:20.672896'),
(1322, 4, 25.97, '2019-01-01 04:19:20.684219'),
(1323, 5, 29.33, '2019-01-01 04:19:20.695798'),
(1324, 6, 25.02, '2019-01-01 04:19:20.707125'),
(1325, 7, 33.58, '2019-01-01 04:19:20.718717'),
(1326, 8, 31.74, '2019-01-01 04:19:20.730068'),
(1327, 1, 34.35, '2019-01-01 04:19:20.756897'),
(1328, 2, 25.68, '2019-01-01 04:19:20.797804'),
(1329, 3, 22.57, '2019-01-01 04:19:20.809368'),
(1330, 4, 31.39, '2019-01-01 04:19:20.813423'),
(1331, 5, 27.74, '2019-01-01 04:19:20.824986'),
(1332, 6, 25.18, '2019-01-01 04:19:20.830068'),
(1333, 7, 23.65, '2019-01-01 04:19:20.841728'),
(1334, 8, 27.04, '2019-01-01 04:19:20.846682'),
(1335, 1, 27.14, '2019-01-01 04:19:20.864820'),
(1336, 2, 28, '2019-01-01 04:19:20.906047'),
(1337, 3, 23.65, '2019-01-01 04:19:20.917665'),
(1338, 4, 31.43, '2019-01-01 04:19:20.921743'),
(1339, 5, 32.7, '2019-01-01 04:19:20.933287'),
(1340, 6, 32.1, '2019-01-01 04:19:20.944544'),
(1341, 7, 33.67, '2019-01-01 04:19:20.956200'),
(1342, 8, 30.12, '2019-01-01 04:19:20.967469'),
(1343, 1, 22.69, '2019-01-01 04:19:21.003237'),
(1344, 2, 31.01, '2019-01-01 04:19:21.031100'),
(1345, 3, 28.52, '2019-01-01 04:19:21.042641'),
(1346, 4, 26.45, '2019-01-01 04:19:21.046698'),
(1347, 5, 23.92, '2019-01-01 04:19:21.058332'),
(1348, 6, 23.45, '2019-01-01 04:19:21.069498'),
(1349, 7, 25.63, '2019-01-01 04:19:21.081269'),
(1350, 8, 29.6, '2019-01-01 04:19:21.085211'),
(1351, 1, 29.65, '2019-01-01 04:19:21.104444'),
(1352, 2, 28.27, '2019-01-01 04:19:21.139419'),
(1353, 3, 34.12, '2019-01-01 04:19:21.167363'),
(1354, 4, 23.71, '2019-01-01 04:19:21.181069'),
(1355, 5, 30.21, '2019-01-01 04:19:21.192659'),
(1356, 6, 30.36, '2019-01-01 04:19:21.196702'),
(1357, 7, 26.3, '2019-01-01 04:19:21.208259'),
(1358, 8, 32.47, '2019-01-01 04:19:21.219497'),
(1359, 1, 34.33, '2019-01-01 04:19:21.245780'),
(1360, 2, 23.56, '2019-01-01 04:19:21.281059'),
(1361, 3, 29.96, '2019-01-01 04:19:21.292609'),
(1362, 4, 29.94, '2019-01-01 04:19:21.296738'),
(1363, 5, 22.5, '2019-01-01 04:19:21.308333'),
(1364, 6, 25.7, '2019-01-01 04:19:21.319484'),
(1365, 7, 23.26, '2019-01-01 04:19:21.331281'),
(1366, 8, 25.21, '2019-01-01 04:19:21.335243'),
(1367, 1, 28.07, '2019-01-01 04:19:21.354399'),
(1368, 2, 27.41, '2019-01-01 04:19:21.389365'),
(1369, 3, 26.57, '2019-01-01 04:19:21.400933'),
(1370, 4, 24.43, '2019-01-01 04:19:21.404998'),
(1371, 5, 29.94, '2019-01-01 04:19:21.416590'),
(1372, 6, 28.23, '2019-01-01 04:19:21.427865'),
(1373, 7, 29.78, '2019-01-01 04:19:21.439539'),
(1374, 8, 24.23, '2019-01-01 04:19:21.450835'),
(1375, 1, 22.84, '2019-01-01 04:19:21.477131'),
(1376, 2, 25.59, '2019-01-01 04:19:21.492486'),
(1377, 3, 22.08, '2019-01-01 04:19:21.504056'),
(1378, 4, 22.78, '2019-01-01 04:19:21.515443'),
(1379, 5, 24.61, '2019-01-01 04:19:21.527046'),
(1380, 6, 26.77, '2019-01-01 04:19:21.538297'),
(1381, 7, 30.25, '2019-01-01 04:19:21.549996'),
(1382, 8, 25.91, '2019-01-01 04:19:21.555008'),
(1383, 1, 28.35, '2019-01-01 04:19:21.581771'),
(1384, 2, 32.27, '2019-01-01 04:19:21.621766'),
(1385, 3, 29.64, '2019-01-01 04:19:21.633356'),
(1386, 4, 29.21, '2019-01-01 04:19:21.638374'),
(1387, 5, 22.44, '2019-01-01 04:19:21.649979'),
(1388, 6, 27.33, '2019-01-01 04:19:21.655032'),
(1389, 7, 25.41, '2019-01-01 04:19:21.666686'),
(1390, 8, 26.31, '2019-01-01 04:19:21.672935'),
(1391, 1, 29.44, '2019-01-01 04:19:21.688613'),
(1392, 2, 28.84, '2019-01-01 04:19:21.702966'),
(1393, 3, 22.52, '2019-01-01 04:19:21.714339'),
(1394, 4, 28.11, '2019-01-01 04:19:21.717602'),
(1395, 5, 22.47, '2019-01-01 04:19:21.721582'),
(1396, 6, 22.01, '2019-01-01 04:19:21.724856'),
(1397, 7, 33.38, '2019-01-01 04:19:21.736219'),
(1398, 8, 26.44, '2019-01-01 04:19:21.747815'),
(1399, 1, 33.13, '2019-01-01 04:19:21.768742'),
(1400, 2, 27.3, '2019-01-01 04:19:21.792571'),
(1401, 3, 29.68, '2019-01-01 04:19:21.796611'),
(1402, 4, 29.01, '2019-01-01 04:19:21.799897'),
(1403, 5, 31.18, '2019-01-01 04:19:21.811146'),
(1404, 6, 22.71, '2019-01-01 04:19:21.814515'),
(1405, 7, 33.88, '2019-01-01 04:19:21.825740'),
(1406, 8, 34.56, '2019-01-01 04:19:21.837359'),
(1407, 1, 30.29, '2019-01-01 04:19:21.858083'),
(1408, 2, 31, '2019-01-01 04:19:21.884277'),
(1409, 3, 30.1, '2019-01-01 04:19:21.888223'),
(1410, 4, 30.31, '2019-01-01 04:19:21.891527'),
(1411, 5, 22.09, '2019-01-01 04:19:21.902849'),
(1412, 6, 29.66, '2019-01-01 04:19:21.914516'),
(1413, 7, 24.03, '2019-01-01 04:19:21.925737'),
(1414, 8, 25.82, '2019-01-01 04:19:21.937352'),
(1415, 1, 23.64, '2019-01-01 04:19:21.958314'),
(1416, 2, 24.4, '2019-01-01 04:19:21.984221'),
(1417, 3, 34.12, '2019-01-01 04:19:21.988247'),
(1418, 4, 28.86, '2019-01-01 04:19:21.991460'),
(1419, 5, 29.26, '2019-01-01 04:19:22.002747'),
(1420, 6, 30.5, '2019-01-01 04:19:22.006109'),
(1421, 7, 34.5, '2019-01-01 04:19:22.017407'),
(1422, 8, 32.43, '2019-01-01 04:19:22.028988'),
(1423, 1, 24.31, '2019-01-01 04:19:22.048780'),
(1424, 2, 32.56, '2019-01-01 04:19:22.075872'),
(1425, 3, 31.62, '2019-01-01 04:19:22.079982'),
(1426, 4, 26.25, '2019-01-01 04:19:22.091495'),
(1427, 5, 30.6, '2019-01-01 04:19:22.102764'),
(1428, 6, 23.29, '2019-01-01 04:19:22.106123'),
(1429, 7, 27.68, '2019-01-01 04:19:22.117452'),
(1430, 8, 23.92, '2019-01-01 04:19:22.128926'),
(1431, 1, 25.53, '2019-01-01 04:19:22.149472'),
(1432, 2, 31.91, '2019-01-01 04:19:22.176947'),
(1433, 3, 28.58, '2019-01-01 04:19:22.188239'),
(1434, 4, 23.24, '2019-01-01 04:19:22.191500'),
(1435, 5, 33.97, '2019-01-01 04:19:22.202774'),
(1436, 6, 24.55, '2019-01-01 04:19:22.206205'),
(1437, 7, 27.07, '2019-01-01 04:19:22.217307'),
(1438, 8, 26.17, '2019-01-01 04:19:22.220594'),
(1439, 1, 34.26, '2019-01-01 04:19:22.257362'),
(1440, 2, 23.59, '2019-01-01 04:19:22.289701'),
(1441, 3, 34.44, '2019-01-01 04:19:22.300683'),
(1442, 4, 26.46, '2019-01-01 04:19:22.303928'),
(1443, 5, 26.06, '2019-01-01 04:19:22.315410'),
(1444, 6, 32.23, '2019-01-01 04:19:22.326881'),
(1445, 7, 25.64, '2019-01-01 04:19:22.338261'),
(1446, 8, 32.69, '2019-01-01 04:19:22.341504'),
(1447, 1, 30.73, '2019-01-01 04:19:22.362310'),
(1448, 2, 22.34, '2019-01-01 04:19:22.385243'),
(1449, 3, 24.04, '2019-01-01 04:19:22.396591'),
(1450, 4, 32.49, '2019-01-01 04:19:22.399825'),
(1451, 5, 30.07, '2019-01-01 04:19:22.411067'),
(1452, 6, 25.93, '2019-01-01 04:19:22.414349'),
(1453, 7, 24.69, '2019-01-01 04:19:22.425662'),
(1454, 8, 26.13, '2019-01-01 04:19:22.428877'),
(1455, 1, 31.84, '2019-01-01 04:19:22.448402'),
(1456, 2, 24.59, '2019-01-01 04:19:22.489451'),
(1457, 3, 32.95, '2019-01-01 04:19:22.500679'),
(1458, 4, 31.85, '2019-01-01 04:19:22.512269'),
(1459, 5, 25.04, '2019-01-01 04:19:22.523634'),
(1460, 6, 34.15, '2019-01-01 04:19:22.526832'),
(1461, 7, 22.22, '2019-01-01 04:19:22.529883'),
(1462, 8, 22.52, '2019-01-01 04:19:22.533086'),
(1463, 1, 30.25, '2019-01-01 04:19:22.556607'),
(1464, 2, 26.4, '2019-01-01 04:19:22.595613'),
(1465, 3, 33.89, '2019-01-01 04:19:22.606952'),
(1466, 4, 30.03, '2019-01-01 04:19:22.610216'),
(1467, 5, 23.24, '2019-01-01 04:19:22.621590'),
(1468, 6, 27.7, '2019-01-01 04:19:22.624850'),
(1469, 7, 34.28, '2019-01-01 04:19:22.636105'),
(1470, 8, 25.52, '2019-01-01 04:19:22.639451'),
(1471, 1, 24.33, '2019-01-01 04:19:22.659108'),
(1472, 2, 33.95, '2019-01-01 04:19:22.685236'),
(1473, 3, 27.1, '2019-01-01 04:19:22.696572'),
(1474, 4, 23.16, '2019-01-01 04:19:22.699785'),
(1475, 5, 33.68, '2019-01-01 04:19:22.711085'),
(1476, 6, 26.14, '2019-01-01 04:19:22.714397'),
(1477, 7, 34.23, '2019-01-01 04:19:22.725713'),
(1478, 8, 34.26, '2019-01-01 04:19:22.737283'),
(1479, 1, 32.68, '2019-01-01 04:19:22.757062'),
(1480, 2, 23.66, '2019-01-01 04:19:22.772766'),
(1481, 3, 34.85, '2019-01-01 04:19:22.784015'),
(1482, 4, 24.99, '2019-01-01 04:19:22.787244'),
(1483, 5, 28, '2019-01-01 04:19:22.798662'),
(1484, 6, 31.53, '2019-01-01 04:19:22.801893'),
(1485, 7, 34.27, '2019-01-01 04:19:22.813259'),
(1486, 8, 33.19, '2019-01-01 04:19:22.824844'),
(1487, 1, 28.96, '2019-01-01 04:19:22.844717'),
(1488, 2, 26.2, '2019-01-01 04:19:22.867530'),
(1489, 3, 24.42, '2019-01-01 04:19:22.871595'),
(1490, 4, 33.91, '2019-01-01 04:19:22.883175'),
(1491, 5, 33.81, '2019-01-01 04:19:22.894403'),
(1492, 6, 22.95, '2019-01-01 04:19:22.897723'),
(1493, 7, 31.99, '2019-01-01 04:19:22.909022'),
(1494, 8, 24, '2019-01-01 04:19:22.912239'),
(1495, 1, 28.22, '2019-01-01 04:19:22.932595'),
(1496, 2, 23.15, '2019-01-01 04:19:22.959196'),
(1497, 3, 26.13, '2019-01-01 04:19:22.963218'),
(1498, 4, 31.75, '2019-01-01 04:19:22.966429'),
(1499, 5, 32.67, '2019-01-01 04:19:22.977735'),
(1500, 6, 23.19, '2019-01-01 04:19:22.981036'),
(1501, 7, 30.53, '2019-01-01 04:19:22.992424'),
(1502, 8, 28.56, '2019-01-01 04:19:23.003933'),
(1503, 1, 23.13, '2019-01-01 04:19:23.024106'),
(1504, 2, 30.82, '2019-01-01 04:19:23.050863'),
(1505, 3, 23.82, '2019-01-01 04:19:23.054835'),
(1506, 4, 34.76, '2019-01-01 04:19:23.058094'),
(1507, 5, 27.04, '2019-01-01 04:19:23.069403'),
(1508, 6, 34.72, '2019-01-01 04:19:23.072742'),
(1509, 7, 26, '2019-01-01 04:19:23.084028'),
(1510, 8, 27.18, '2019-01-01 04:19:23.087219'),
(1511, 1, 33.05, '2019-01-01 04:19:23.098686'),
(1512, 2, 29.55, '2019-01-01 04:19:23.125868'),
(1513, 3, 31.4, '2019-01-01 04:19:23.129922'),
(1514, 4, 23.25, '2019-01-01 04:19:23.133155'),
(1515, 5, 32.71, '2019-01-01 04:19:23.144398'),
(1516, 6, 23.81, '2019-01-01 04:19:23.147682'),
(1517, 7, 25.13, '2019-01-01 04:19:23.159089'),
(1518, 8, 28.9, '2019-01-01 04:19:23.170621'),
(1519, 1, 30.44, '2019-01-01 04:19:23.190525'),
(1520, 2, 24.04, '2019-01-01 04:19:23.217545'),
(1521, 3, 28.04, '2019-01-01 04:19:23.221570'),
(1522, 4, 34.65, '2019-01-01 04:19:23.224795'),
(1523, 5, 29.22, '2019-01-01 04:19:23.236111'),
(1524, 6, 24.77, '2019-01-01 04:19:23.239428'),
(1525, 7, 28.56, '2019-01-01 04:19:23.250677'),
(1526, 8, 30.08, '2019-01-01 04:19:23.253866'),
(1527, 1, 28.22, '2019-01-01 04:19:23.273383'),
(1528, 2, 26.74, '2019-01-01 04:19:23.301973'),
(1529, 3, 23.16, '2019-01-01 04:19:23.313268'),
(1530, 4, 23.55, '2019-01-01 04:19:23.316493'),
(1531, 5, 23.08, '2019-01-01 04:19:23.327756'),
(1532, 6, 31.22, '2019-01-01 04:19:23.331080'),
(1533, 7, 33.58, '2019-01-01 04:19:23.342400'),
(1534, 8, 32.95, '2019-01-01 04:19:23.353981'),
(1535, 1, 33.18, '2019-01-01 04:19:23.373714'),
(1536, 2, 26.98, '2019-01-01 04:19:23.401896'),
(1537, 3, 32.55, '2019-01-01 04:19:23.413233'),
(1538, 4, 22.44, '2019-01-01 04:19:23.416470'),
(1539, 5, 27.22, '2019-01-01 04:19:23.427762'),
(1540, 6, 23.05, '2019-01-01 04:19:23.431082'),
(1541, 7, 26.01, '2019-01-01 04:19:23.442368'),
(1542, 8, 30.17, '2019-01-01 04:19:23.445527'),
(1543, 1, 32.31, '2019-01-01 04:19:23.456770'),
(1544, 2, 26.5, '2019-01-01 04:19:23.484208'),
(1545, 3, 22.19, '2019-01-01 04:19:23.488243'),
(1546, 4, 31.55, '2019-01-01 04:19:23.491519'),
(1547, 5, 27.49, '2019-01-01 04:19:23.502817'),
(1548, 6, 31.22, '2019-01-01 04:19:23.514428'),
(1549, 7, 28.2, '2019-01-01 04:19:23.525649'),
(1550, 8, 34.29, '2019-01-01 04:19:23.528931'),
(1551, 1, 33.05, '2019-01-01 04:19:23.548269'),
(1552, 2, 29.39, '2019-01-01 04:19:23.576899'),
(1553, 3, 31.14, '2019-01-01 04:19:23.588207'),
(1554, 4, 34.01, '2019-01-01 04:19:23.591465'),
(1555, 5, 26.28, '2019-01-01 04:19:23.617238'),
(1556, 6, 28.56, '2019-01-01 04:19:23.631151'),
(1557, 7, 28.65, '2019-01-01 04:19:23.642355'),
(1558, 8, 28.09, '2019-01-01 04:19:23.653932'),
(1559, 1, 33.67, '2019-01-01 04:19:23.673346'),
(1560, 2, 23.78, '2019-01-01 04:19:23.701898'),
(1561, 3, 22.58, '2019-01-01 04:19:23.713245'),
(1562, 4, 30.08, '2019-01-01 04:19:23.716406'),
(1563, 5, 34.56, '2019-01-01 04:19:23.727766'),
(1564, 6, 32.94, '2019-01-01 04:19:23.731077'),
(1565, 7, 28.79, '2019-01-01 04:19:23.742336'),
(1566, 8, 26.58, '2019-01-01 04:19:23.753861'),
(1567, 1, 26.02, '2019-01-01 04:19:23.773220'),
(1568, 2, 28.94, '2019-01-01 04:19:23.787390'),
(1569, 3, 30.99, '2019-01-01 04:19:23.798778'),
(1570, 4, 26.17, '2019-01-01 04:19:23.810397'),
(1571, 5, 34.1, '2019-01-01 04:19:23.821719'),
(1572, 6, 29.67, '2019-01-01 04:19:23.833332'),
(1573, 7, 23.08, '2019-01-01 04:19:23.838360'),
(1574, 8, 26.22, '2019-01-01 04:19:23.849976'),
(1575, 1, 30.25, '2019-01-01 04:19:23.872373'),
(1576, 2, 24.11, '2019-01-01 04:19:23.886346'),
(1577, 3, 30.14, '2019-01-01 04:19:23.897682'),
(1578, 4, 24.72, '2019-01-01 04:19:23.909265'),
(1579, 5, 33.27, '2019-01-01 04:19:23.913342'),
(1580, 6, 33.59, '2019-01-01 04:19:23.924943'),
(1581, 7, 34.31, '2019-01-01 04:19:23.930050'),
(1582, 8, 30.38, '2019-01-01 04:19:23.941612'),
(1583, 1, 31.35, '2019-01-01 04:19:23.963258'),
(1584, 2, 22.84, '2019-01-01 04:19:23.981274'),
(1585, 3, 28.86, '2019-01-01 04:19:23.985177'),
(1586, 4, 25.31, '2019-01-01 04:19:23.989501'),
(1587, 5, 28.74, '2019-01-01 04:19:23.993559'),
(1588, 6, 33.72, '2019-01-01 04:19:23.997840'),
(1589, 7, 26.83, '2019-01-01 04:19:24.009152'),
(1590, 8, 31.03, '2019-01-01 04:19:24.020758'),
(1591, 1, 32.37, '2019-01-01 04:19:24.051838'),
(1592, 2, 33.93, '2019-01-01 04:19:24.079106'),
(1593, 3, 29.69, '2019-01-01 04:19:24.083159'),
(1594, 4, 34.89, '2019-01-01 04:19:24.094716'),
(1595, 5, 34.79, '2019-01-01 04:19:24.098734'),
(1596, 6, 28.77, '2019-01-01 04:19:24.110343'),
(1597, 7, 33.28, '2019-01-01 04:19:24.114365'),
(1598, 8, 31.39, '2019-01-01 04:19:24.125951'),
(1599, 1, 29.39, '2019-01-01 04:19:24.147187'),
(1600, 2, 25.84, '2019-01-01 04:19:24.187449'),
(1601, 3, 30.88, '2019-01-01 04:19:24.191470'),
(1602, 4, 33.74, '2019-01-01 04:19:24.203053'),
(1603, 5, 30.65, '2019-01-01 04:19:24.207007'),
(1604, 6, 25.95, '2019-01-01 04:19:24.218940'),
(1605, 7, 27.24, '2019-01-01 04:19:24.222728'),
(1606, 8, 31.63, '2019-01-01 04:19:24.234323'),
(1607, 1, 33.1, '2019-01-01 04:19:24.254964'),
(1608, 2, 27.1, '2019-01-01 04:19:24.298020'),
(1609, 3, 32.55, '2019-01-01 04:19:24.301862'),
(1610, 4, 22.04, '2019-01-01 04:19:24.306286'),
(1611, 5, 28.84, '2019-01-01 04:19:24.310222'),
(1612, 6, 28.95, '2019-01-01 04:19:24.314530'),
(1613, 7, 32.52, '2019-01-01 04:19:24.318459'),
(1614, 8, 28.93, '2019-01-01 04:19:24.322837'),
(1615, 1, 23.72, '2019-01-01 04:19:24.351440'),
(1616, 2, 33.63, '2019-01-01 04:19:24.389619'),
(1617, 3, 32.29, '2019-01-01 04:19:24.393602'),
(1618, 4, 28.71, '2019-01-01 04:19:24.397933'),
(1619, 5, 27.79, '2019-01-01 04:19:24.401845'),
(1620, 6, 22.83, '2019-01-01 04:19:24.406170'),
(1621, 7, 26.42, '2019-01-01 04:19:24.417543'),
(1622, 8, 27.26, '2019-01-01 04:19:24.429113'),
(1623, 1, 29.27, '2019-01-01 04:19:24.451744'),
(1624, 2, 23.38, '2019-01-01 04:19:24.468737'),
(1625, 3, 31.56, '2019-01-01 04:19:24.472684'),
(1626, 4, 29.67, '2019-01-01 04:19:24.484339'),
(1627, 5, 31.04, '2019-01-01 04:19:24.488351'),
(1628, 6, 25.56, '2019-01-01 04:19:24.500080'),
(1629, 7, 34.45, '2019-01-01 04:19:24.505000'),
(1630, 8, 31.58, '2019-01-01 04:19:24.516638'),
(1631, 1, 22.53, '2019-01-01 04:19:24.539318'),
(1632, 2, 23.28, '2019-01-01 04:19:24.581267'),
(1633, 3, 29.4, '2019-01-01 04:19:24.585166'),
(1634, 4, 30.43, '2019-01-01 04:19:24.589548'),
(1635, 5, 23.31, '2019-01-01 04:19:24.593474'),
(1636, 6, 30.5, '2019-01-01 04:19:24.597873'),
(1637, 7, 27.56, '2019-01-01 04:19:24.601838'),
(1638, 8, 24.96, '2019-01-01 04:19:24.606218'),
(1639, 1, 25.53, '2019-01-01 04:19:24.627151'),
(1640, 2, 31.41, '2019-01-01 04:19:24.674007'),
(1641, 3, 24.27, '2019-01-01 04:19:24.677900'),
(1642, 4, 34.64, '2019-01-01 04:19:24.689653'),
(1643, 5, 31.1, '2019-01-01 04:19:24.693610'),
(1644, 6, 26.15, '2019-01-01 04:19:24.697821'),
(1645, 7, 28.12, '2019-01-01 04:19:24.709132'),
(1646, 8, 26.34, '2019-01-01 04:19:24.720780'),
(1647, 1, 34.28, '2019-01-01 04:19:24.741378'),
(1648, 2, 29.83, '2019-01-01 04:19:24.781129'),
(1649, 3, 24.6, '2019-01-01 04:19:24.795671'),
(1650, 4, 29.06, '2019-01-01 04:19:24.806959'),
(1651, 5, 34.98, '2019-01-01 04:19:24.810231'),
(1652, 6, 29.79, '2019-01-01 04:19:24.821511'),
(1653, 7, 32.09, '2019-01-01 04:19:24.824810'),
(1654, 8, 26.76, '2019-01-01 04:19:24.836083'),
(1655, 1, 22.76, '2019-01-01 04:19:24.848562'),
(1656, 2, 34.25, '2019-01-01 04:19:24.873769'),
(1657, 3, 22.7, '2019-01-01 04:19:24.885344'),
(1658, 4, 29.86, '2019-01-01 04:19:24.896678'),
(1659, 5, 22.13, '2019-01-01 04:19:24.908277'),
(1660, 6, 29.15, '2019-01-01 04:19:24.913347'),
(1661, 7, 34.98, '2019-01-01 04:19:24.924950'),
(1662, 8, 23.77, '2019-01-01 04:19:24.930002'),
(1663, 1, 27.11, '2019-01-01 04:19:24.962104'),
(1664, 2, 29.43, '2019-01-01 04:19:24.997891'),
(1665, 3, 28.44, '2019-01-01 04:19:25.009416'),
(1666, 4, 32.55, '2019-01-01 04:19:25.013441'),
(1667, 5, 23.62, '2019-01-01 04:19:25.025043'),
(1668, 6, 22.8, '2019-01-01 04:19:25.030077'),
(1669, 7, 32.27, '2019-01-01 04:19:25.041695'),
(1670, 8, 24.79, '2019-01-01 04:19:25.046721'),
(1671, 1, 32.52, '2019-01-01 04:19:25.082356'),
(1672, 2, 24.94, '2019-01-01 04:19:25.121802'),
(1673, 3, 34.7, '2019-01-01 04:19:25.133386'),
(1674, 4, 22.54, '2019-01-01 04:19:25.138331'),
(1675, 5, 32.5, '2019-01-01 04:19:25.150064'),
(1676, 6, 28.18, '2019-01-01 04:19:25.155060'),
(1677, 7, 23.01, '2019-01-01 04:19:25.166706'),
(1678, 8, 33.95, '2019-01-01 04:19:25.171695'),
(1679, 1, 29.47, '2019-01-01 04:19:25.203120'),
(1680, 2, 29.96, '2019-01-01 04:19:25.218594'),
(1681, 3, 32.84, '2019-01-01 04:19:25.222897'),
(1682, 4, 26.08, '2019-01-01 04:19:25.226923'),
(1683, 5, 27.39, '2019-01-01 04:19:25.231218'),
(1684, 6, 22.5, '2019-01-01 04:19:25.235208'),
(1685, 7, 33.7, '2019-01-01 04:19:25.239508'),
(1686, 8, 24.91, '2019-01-01 04:19:25.243573'),
(1687, 1, 25.14, '2019-01-01 04:19:25.267255'),
(1688, 2, 31.76, '2019-01-01 04:19:25.306096'),
(1689, 3, 24.51, '2019-01-01 04:19:25.317645'),
(1690, 4, 33.56, '2019-01-01 04:19:25.321690'),
(1691, 5, 32.5, '2019-01-01 04:19:25.333254'),
(1692, 6, 30.82, '2019-01-01 04:19:25.338342'),
(1693, 7, 24.55, '2019-01-01 04:19:25.349965'),
(1694, 8, 26.39, '2019-01-01 04:19:25.355012'),
(1695, 1, 25.49, '2019-01-01 04:19:25.386381'),
(1696, 2, 26.48, '2019-01-01 04:19:25.422855'),
(1697, 3, 28.02, '2019-01-01 04:19:25.434354'),
(1698, 4, 29.28, '2019-01-01 04:19:25.438522'),
(1699, 5, 30.81, '2019-01-01 04:19:25.442687'),
(1700, 6, 27.48, '2019-01-01 04:19:25.446732'),
(1701, 7, 22.7, '2019-01-01 04:19:25.458290'),
(1702, 8, 22.12, '2019-01-01 04:19:25.463365'),
(1703, 1, 25.93, '2019-01-01 04:19:25.494583'),
(1704, 2, 28.51, '2019-01-01 04:19:25.531123'),
(1705, 3, 30.73, '2019-01-01 04:19:25.542623'),
(1706, 4, 25.62, '2019-01-01 04:19:25.546785'),
(1707, 5, 32.7, '2019-01-01 04:19:25.558292'),
(1708, 6, 22.68, '2019-01-01 04:19:25.563346'),
(1709, 7, 33.52, '2019-01-01 04:19:25.574994'),
(1710, 8, 22.97, '2019-01-01 04:19:25.580015'),
(1711, 1, 31.86, '2019-01-01 04:19:25.611176'),
(1712, 2, 29.35, '2019-01-01 04:19:25.626842'),
(1713, 3, 22.85, '2019-01-01 04:19:25.631192'),
(1714, 4, 30.19, '2019-01-01 04:19:25.635257'),
(1715, 5, 33.93, '2019-01-01 04:19:25.639551'),
(1716, 6, 30.21, '2019-01-01 04:19:25.643556'),
(1717, 7, 33.75, '2019-01-01 04:19:25.647915'),
(1718, 8, 31.81, '2019-01-01 04:19:25.651867'),
(1719, 1, 33.95, '2019-01-01 04:19:25.676022'),
(1720, 2, 32.12, '2019-01-01 04:19:25.714381'),
(1721, 3, 28.25, '2019-01-01 04:19:25.725936'),
(1722, 4, 27.08, '2019-01-01 04:19:25.729977'),
(1723, 5, 31.76, '2019-01-01 04:19:25.741607'),
(1724, 6, 24.61, '2019-01-01 04:19:25.746675'),
(1725, 7, 23.51, '2019-01-01 04:19:25.758272'),
(1726, 8, 30.76, '2019-01-01 04:19:25.763337'),
(1727, 1, 34.8, '2019-01-01 04:19:25.794363'),
(1728, 2, 26.1, '2019-01-01 04:19:25.831125'),
(1729, 3, 30.44, '2019-01-01 04:19:25.842729'),
(1730, 4, 31.44, '2019-01-01 04:19:25.846691'),
(1731, 5, 24.16, '2019-01-01 04:19:25.858361'),
(1732, 6, 30.27, '2019-01-01 04:19:25.863411'),
(1733, 7, 26.81, '2019-01-01 04:19:25.874939'),
(1734, 8, 32.38, '2019-01-01 04:19:25.879984'),
(1735, 1, 34.63, '2019-01-01 04:19:25.910996'),
(1736, 2, 25.64, '2019-01-01 04:19:25.947780'),
(1737, 3, 34.33, '2019-01-01 04:19:25.959305'),
(1738, 4, 30.64, '2019-01-01 04:19:25.963383'),
(1739, 5, 22.65, '2019-01-01 04:19:25.974946'),
(1740, 6, 31.15, '2019-01-01 04:19:25.980003'),
(1741, 7, 31.33, '2019-01-01 04:19:25.991652'),
(1742, 8, 31.43, '2019-01-01 04:19:25.996695'),
(1743, 1, 29.69, '2019-01-01 04:19:26.027592'),
(1744, 2, 24.92, '2019-01-01 04:19:26.043494'),
(1745, 3, 30.02, '2019-01-01 04:19:26.047955'),
(1746, 4, 25.35, '2019-01-01 04:19:26.051842'),
(1747, 5, 28.27, '2019-01-01 04:19:26.056210'),
(1748, 6, 27.36, '2019-01-01 04:19:26.060129'),
(1749, 7, 25.48, '2019-01-01 04:19:26.064532'),
(1750, 8, 34.07, '2019-01-01 04:19:26.068444'),
(1751, 1, 24.89, '2019-01-01 04:19:26.091915'),
(1752, 2, 29.96, '2019-01-01 04:19:26.130966'),
(1753, 3, 28.41, '2019-01-01 04:19:26.142529'),
(1754, 4, 22.46, '2019-01-01 04:19:26.146585'),
(1755, 5, 29.17, '2019-01-01 04:19:26.158171'),
(1756, 6, 23.01, '2019-01-01 04:19:26.169386'),
(1757, 7, 26.47, '2019-01-01 04:19:26.172806'),
(1758, 8, 29.72, '2019-01-01 04:19:26.183984'),
(1759, 1, 28.08, '2019-01-01 04:19:26.199611'),
(1760, 2, 28.97, '2019-01-01 04:19:26.239281'),
(1761, 3, 25.41, '2019-01-01 04:19:26.250851'),
(1762, 4, 31.58, '2019-01-01 04:19:26.254927'),
(1763, 5, 23.06, '2019-01-01 04:19:26.266521'),
(1764, 6, 28.02, '2019-01-01 04:19:26.277789'),
(1765, 7, 31.41, '2019-01-01 04:19:26.281156'),
(1766, 8, 23.16, '2019-01-01 04:19:26.292349'),
(1767, 1, 34.83, '2019-01-01 04:19:26.316256'),
(1768, 2, 30.04, '2019-01-01 04:19:26.335050'),
(1769, 3, 26.15, '2019-01-01 04:19:26.339418'),
(1770, 4, 29.53, '2019-01-01 04:19:26.350725'),
(1771, 5, 26.67, '2019-01-01 04:19:26.362281'),
(1772, 6, 34.61, '2019-01-01 04:19:26.390336'),
(1773, 7, 24.89, '2019-01-01 04:19:26.401947'),
(1774, 8, 33.97, '2019-01-01 04:19:26.413267'),
(1775, 1, 22.16, '2019-01-01 04:19:26.436913'),
(1776, 2, 24.87, '2019-01-01 04:19:26.450636'),
(1777, 3, 28.55, '2019-01-01 04:19:26.453909'),
(1778, 4, 24.84, '2019-01-01 04:19:26.465294'),
(1779, 5, 29.03, '2019-01-01 04:19:26.476938'),
(1780, 6, 24.9, '2019-01-01 04:19:26.488291'),
(1781, 7, 22.96, '2019-01-01 04:19:26.499884'),
(1782, 8, 22.85, '2019-01-01 04:19:26.511128'),
(1783, 1, 32.36, '2019-01-01 04:19:26.546215'),
(1784, 2, 30.03, '2019-01-01 04:19:26.599730'),
(1785, 3, 27.02, '2019-01-01 04:19:26.611247'),
(1786, 4, 22.24, '2019-01-01 04:19:26.622553'),
(1787, 5, 31.28, '2019-01-01 04:19:26.625846'),
(1788, 6, 34.46, '2019-01-01 04:19:26.629868'),
(1789, 7, 31.4, '2019-01-01 04:19:26.633157'),
(1790, 8, 23.14, '2019-01-01 04:19:26.644405'),
(1791, 1, 33.52, '2019-01-01 04:19:26.660039'),
(1792, 2, 29.15, '2019-01-01 04:19:26.697617'),
(1793, 3, 32.38, '2019-01-01 04:19:26.709157'),
(1794, 4, 28.62, '2019-01-01 04:19:26.713252'),
(1795, 5, 32.75, '2019-01-01 04:19:26.724777'),
(1796, 6, 28.55, '2019-01-01 04:19:26.736128'),
(1797, 7, 29.97, '2019-01-01 04:19:26.739391'),
(1798, 8, 28.98, '2019-01-01 04:19:26.750640'),
(1799, 1, 22.5, '2019-01-01 04:19:26.774465'),
(1800, 2, 33.66, '2019-01-01 04:19:26.792348'),
(1801, 3, 30.09, '2019-01-01 04:19:26.795589'),
(1802, 4, 26.88, '2019-01-01 04:19:26.806981'),
(1803, 5, 33.33, '2019-01-01 04:19:26.818510'),
(1804, 6, 23.15, '2019-01-01 04:19:26.829966'),
(1805, 7, 30.92, '2019-01-01 04:19:26.841546'),
(1806, 8, 31.98, '2019-01-01 04:19:26.852732'),
(1807, 1, 25.95, '2019-01-01 04:19:26.883896'),
(1808, 2, 24.32, '2019-01-01 04:19:26.924902'),
(1809, 3, 23.25, '2019-01-01 04:19:26.929190'),
(1810, 4, 31.61, '2019-01-01 04:19:26.933321'),
(1811, 5, 32.68, '2019-01-01 04:19:26.937602'),
(1812, 6, 28.02, '2019-01-01 04:19:26.941604'),
(1813, 7, 33.32, '2019-01-01 04:19:26.945869'),
(1814, 8, 23.9, '2019-01-01 04:19:26.949871'),
(1815, 1, 25.65, '2019-01-01 04:19:26.976756'),
(1816, 2, 34.95, '2019-01-01 04:19:27.034999'),
(1817, 3, 33.78, '2019-01-01 04:19:27.039345'),
(1818, 4, 25.49, '2019-01-01 04:19:27.050610'),
(1819, 5, 28.15, '2019-01-01 04:19:27.053762'),
(1820, 6, 24.79, '2019-01-01 04:19:27.056816'),
(1821, 7, 22.15, '2019-01-01 04:19:27.060067'),
(1822, 8, 23.37, '2019-01-01 04:19:27.071447'),
(1823, 1, 30.32, '2019-01-01 04:19:27.083220'),
(1824, 2, 23.3, '2019-01-01 04:19:27.110005'),
(1825, 3, 26.13, '2019-01-01 04:19:27.114421'),
(1826, 4, 33.18, '2019-01-01 04:19:27.125634'),
(1827, 5, 23.97, '2019-01-01 04:19:27.128856'),
(1828, 6, 22.81, '2019-01-01 04:19:27.140234'),
(1829, 7, 28.1, '2019-01-01 04:19:27.151842'),
(1830, 8, 24.83, '2019-01-01 04:19:27.163155'),
(1831, 1, 28.96, '2019-01-01 04:19:27.175356'),
(1832, 2, 31.8, '2019-01-01 04:19:27.192291'),
(1833, 3, 22.37, '2019-01-01 04:19:27.210160'),
(1834, 4, 22.4, '2019-01-01 04:19:27.221520'),
(1835, 5, 26.24, '2019-01-01 04:19:27.224756'),
(1836, 6, 32.59, '2019-01-01 04:19:27.235990'),
(1837, 7, 23.34, '2019-01-01 04:19:27.239414'),
(1838, 8, 25.47, '2019-01-01 04:19:27.250618'),
(1839, 1, 29.73, '2019-01-01 04:19:27.265081'),
(1840, 2, 34.14, '2019-01-01 04:19:27.281080'),
(1841, 3, 24.04, '2019-01-01 04:19:27.292219'),
(1842, 4, 29.36, '2019-01-01 04:19:27.295532'),
(1843, 5, 34.21, '2019-01-01 04:19:27.306870'),
(1844, 6, 24.68, '2019-01-01 04:19:27.310096'),
(1845, 7, 33.43, '2019-01-01 04:19:27.321531'),
(1846, 8, 31.44, '2019-01-01 04:19:27.324718'),
(1847, 1, 22.47, '2019-01-01 04:19:27.344694'),
(1848, 2, 22.83, '2019-01-01 04:19:27.367433'),
(1849, 3, 31.71, '2019-01-01 04:19:27.371475'),
(1850, 4, 26.51, '2019-01-01 04:19:27.374731'),
(1851, 5, 23.25, '2019-01-01 04:19:27.385967'),
(1852, 6, 31.41, '2019-01-01 04:19:27.389349'),
(1853, 7, 26.26, '2019-01-01 04:19:27.400612'),
(1854, 8, 29.5, '2019-01-01 04:19:27.403837'),
(1855, 1, 34.6, '2019-01-01 04:19:27.423968'),
(1856, 2, 33.18, '2019-01-01 04:19:27.450899'),
(1857, 3, 26.44, '2019-01-01 04:19:27.454808'),
(1858, 4, 30.46, '2019-01-01 04:19:27.458126'),
(1859, 5, 28.91, '2019-01-01 04:19:27.469349'),
(1860, 6, 28.56, '2019-01-01 04:19:27.472707'),
(1861, 7, 29.77, '2019-01-01 04:19:27.483955'),
(1862, 8, 33.67, '2019-01-01 04:19:27.487169'),
(1863, 1, 24.6, '2019-01-01 04:19:27.507979'),
(1864, 2, 27.81, '2019-01-01 04:19:27.534134'),
(1865, 3, 31.07, '2019-01-01 04:19:27.538140'),
(1866, 4, 34.07, '2019-01-01 04:19:27.541440'),
(1867, 5, 28.37, '2019-01-01 04:19:27.552708'),
(1868, 6, 23.33, '2019-01-01 04:19:27.556075'),
(1869, 7, 26.89, '2019-01-01 04:19:27.567262'),
(1870, 8, 33.92, '2019-01-01 04:19:27.570479'),
(1871, 1, 31.42, '2019-01-01 04:19:27.590571'),
(1872, 2, 32.95, '2019-01-01 04:19:27.617436'),
(1873, 3, 27.44, '2019-01-01 04:19:27.621496'),
(1874, 4, 30.61, '2019-01-01 04:19:27.624781'),
(1875, 5, 29.1, '2019-01-01 04:19:27.636014'),
(1876, 6, 32.1, '2019-01-01 04:19:27.639356'),
(1877, 7, 25.94, '2019-01-01 04:19:27.650612'),
(1878, 8, 22.05, '2019-01-01 04:19:27.653842'),
(1879, 1, 28.06, '2019-01-01 04:19:27.674033'),
(1880, 2, 29.83, '2019-01-01 04:19:27.700772'),
(1881, 3, 29.59, '2019-01-01 04:19:27.704788'),
(1882, 4, 26.11, '2019-01-01 04:19:27.708102'),
(1883, 5, 24.73, '2019-01-01 04:19:27.719307'),
(1884, 6, 31.09, '2019-01-01 04:19:27.722638'),
(1885, 7, 34.22, '2019-01-01 04:19:27.733945'),
(1886, 8, 28.96, '2019-01-01 04:19:27.737190'),
(1887, 1, 25.68, '2019-01-01 04:19:27.758044'),
(1888, 2, 27.82, '2019-01-01 04:19:27.785170'),
(1889, 3, 27.81, '2019-01-01 04:19:27.796507'),
(1890, 4, 24.37, '2019-01-01 04:19:27.799748'),
(1891, 5, 33.59, '2019-01-01 04:19:27.811004'),
(1892, 6, 25.63, '2019-01-01 04:19:27.814344'),
(1893, 7, 23.64, '2019-01-01 04:19:27.825642'),
(1894, 8, 30.8, '2019-01-01 04:19:27.837181'),
(1895, 1, 28.69, '2019-01-01 04:19:27.857809'),
(1896, 2, 33.08, '2019-01-01 04:19:27.876814'),
(1897, 3, 22.62, '2019-01-01 04:19:27.888165'),
(1898, 4, 33.55, '2019-01-01 04:19:27.891381'),
(1899, 5, 27.28, '2019-01-01 04:19:27.902625'),
(1900, 6, 29.87, '2019-01-01 04:19:27.905935'),
(1901, 7, 26.86, '2019-01-01 04:19:27.917269'),
(1902, 8, 28.69, '2019-01-01 04:19:27.928851'),
(1903, 1, 34.39, '2019-01-01 04:19:27.948533'),
(1904, 2, 29.23, '2019-01-01 04:19:27.989413'),
(1905, 3, 26.03, '2019-01-01 04:19:28.000604'),
(1906, 4, 24.97, '2019-01-01 04:19:28.003764'),
(1907, 5, 24.63, '2019-01-01 04:19:28.015234'),
(1908, 6, 31.46, '2019-01-01 04:19:28.018391'),
(1909, 7, 24.79, '2019-01-01 04:19:28.029814'),
(1910, 8, 25.33, '2019-01-01 04:19:28.032983'),
(1911, 1, 32.93, '2019-01-01 04:19:28.044095'),
(1912, 2, 27.94, '2019-01-01 04:19:28.070546'),
(1913, 3, 33.28, '2019-01-01 04:19:28.081877'),
(1914, 4, 23.73, '2019-01-01 04:19:28.085056'),
(1915, 5, 32.4, '2019-01-01 04:19:28.096526'),
(1916, 6, 25.64, '2019-01-01 04:19:28.108118'),
(1917, 7, 25.96, '2019-01-01 04:19:28.119352'),
(1918, 8, 24.35, '2019-01-01 04:19:28.122690'),
(1919, 1, 29.18, '2019-01-01 04:19:28.142285'),
(1920, 2, 24.39, '2019-01-01 04:19:28.168493'),
(1921, 3, 32.17, '2019-01-01 04:19:28.179843'),
(1922, 4, 24.52, '2019-01-01 04:19:28.182996'),
(1923, 5, 32.39, '2019-01-01 04:19:28.194317'),
(1924, 6, 22.64, '2019-01-01 04:19:28.197747'),
(1925, 7, 33.97, '2019-01-01 04:19:28.208954'),
(1926, 8, 23.79, '2019-01-01 04:19:28.212118'),
(1927, 1, 29.52, '2019-01-01 04:19:28.231450'),
(1928, 2, 22.15, '2019-01-01 04:19:28.260181'),
(1929, 3, 34.69, '2019-01-01 04:19:28.271524'),
(1930, 4, 33.44, '2019-01-01 04:19:28.283116'),
(1931, 5, 31.29, '2019-01-01 04:19:28.294352'),
(1932, 6, 27.43, '2019-01-01 04:19:28.297643'),
(1933, 7, 25.04, '2019-01-01 04:19:28.308977'),
(1934, 8, 29.78, '2019-01-01 04:19:28.320547'),
(1935, 1, 28.4, '2019-01-01 04:19:28.339552'),
(1936, 2, 24.8, '2019-01-01 04:19:28.356037'),
(1937, 3, 29.33, '2019-01-01 04:19:28.367285'),
(1938, 4, 22.5, '2019-01-01 04:19:28.370437'),
(1939, 5, 34.23, '2019-01-01 04:19:28.381887'),
(1940, 6, 26.06, '2019-01-01 04:19:28.385076'),
(1941, 7, 29.91, '2019-01-01 04:19:28.396506'),
(1942, 8, 23.18, '2019-01-01 04:19:28.399712'),
(1943, 1, 22.17, '2019-01-01 04:19:28.418853'),
(1944, 2, 34.35, '2019-01-01 04:19:28.442451'),
(1945, 3, 32.44, '2019-01-01 04:19:28.446472'),
(1946, 4, 33.37, '2019-01-01 04:19:28.449707'),
(1947, 5, 32.43, '2019-01-01 04:19:28.461014'),
(1948, 6, 23.26, '2019-01-01 04:19:28.464318'),
(1949, 7, 33.47, '2019-01-01 04:19:28.475577'),
(1950, 8, 25.76, '2019-01-01 04:19:28.478767'),
(1951, 1, 22.51, '2019-01-01 04:19:28.497743'),
(1952, 2, 22.77, '2019-01-01 04:19:28.526018'),
(1953, 3, 32.08, '2019-01-01 04:19:28.529962'),
(1954, 4, 23.22, '2019-01-01 04:19:28.541588'),
(1955, 5, 24.3, '2019-01-01 04:19:28.546660'),
(1956, 6, 24.48, '2019-01-01 04:19:28.558270'),
(1957, 7, 34.48, '2019-01-01 04:19:28.563316'),
(1958, 8, 26.24, '2019-01-01 04:19:28.575002'),
(1959, 1, 25.52, '2019-01-01 04:19:28.600732'),
(1960, 2, 34.99, '2019-01-01 04:19:28.623011'),
(1961, 3, 31.61, '2019-01-01 04:19:28.635216'),
(1962, 4, 27.54, '2019-01-01 04:19:28.639538'),
(1963, 5, 22.39, '2019-01-01 04:19:28.643515'),
(1964, 6, 33.8, '2019-01-01 04:19:28.647868'),
(1965, 7, 31.52, '2019-01-01 04:19:28.651862'),
(1966, 8, 25.71, '2019-01-01 04:19:28.656228'),
(1967, 1, 28.66, '2019-01-01 04:19:28.681416'),
(1968, 2, 29, '2019-01-01 04:19:28.714618'),
(1969, 3, 29.91, '2019-01-01 04:19:28.718453'),
(1970, 4, 22.74, '2019-01-01 04:19:28.722845'),
(1971, 5, 34.11, '2019-01-01 04:19:28.726856'),
(1972, 6, 22.59, '2019-01-01 04:19:28.731233'),
(1973, 7, 28.41, '2019-01-01 04:19:28.735207'),
(1974, 8, 34.32, '2019-01-01 04:19:28.739536'),
(1975, 1, 23.85, '2019-01-01 04:19:28.764354'),
(1976, 2, 27.67, '2019-01-01 04:19:28.797875'),
(1977, 3, 33.37, '2019-01-01 04:19:28.801847'),
(1978, 4, 22.79, '2019-01-01 04:19:28.806143'),
(1979, 5, 26.41, '2019-01-01 04:19:28.810190'),
(1980, 6, 26.75, '2019-01-01 04:19:28.814465'),
(1981, 7, 31.47, '2019-01-01 04:19:28.825902'),
(1982, 8, 32.23, '2019-01-01 04:19:28.831366'),
(1983, 1, 22.85, '2019-01-01 04:19:28.862113'),
(1984, 2, 22.26, '2019-01-01 04:19:28.889704'),
(1985, 3, 29.36, '2019-01-01 04:19:28.893570'),
(1986, 4, 30.26, '2019-01-01 04:19:28.906365'),
(1987, 5, 24.19, '2019-01-01 04:19:28.918554'),
(1988, 6, 25.48, '2019-01-01 04:19:28.922978'),
(1989, 7, 27.33, '2019-01-01 04:19:28.926919'),
(1990, 8, 24.81, '2019-01-01 04:19:28.931270'),
(1991, 1, 27.78, '2019-01-01 04:19:28.961374'),
(1992, 2, 26.85, '2019-01-01 04:19:28.989508'),
(1993, 3, 31.09, '2019-01-01 04:19:28.993391'),
(1994, 4, 22.89, '2019-01-01 04:19:28.997799'),
(1995, 5, 25.53, '2019-01-01 04:19:29.009015'),
(1996, 6, 25.06, '2019-01-01 04:19:29.020624'),
(1997, 7, 24.65, '2019-01-01 04:19:29.032027'),
(1998, 8, 34.91, '2019-01-01 04:19:29.043608'),
(1999, 1, 34.11, '2019-01-01 04:19:29.071450'),
(2000, 2, 24.67, '2019-01-01 04:19:29.114596'),
(2001, 3, 24.25, '2019-01-01 04:19:29.118402'),
(2002, 4, 28.52, '2019-01-01 04:19:29.122784'),
(2003, 5, 29.47, '2019-01-01 04:19:29.126732'),
(2004, 6, 29.74, '2019-01-01 04:19:29.131139'),
(2005, 7, 23.54, '2019-01-01 04:19:29.135111'),
(2006, 8, 22.34, '2019-01-01 04:19:29.139455'),
(2007, 1, 33.36, '2019-01-01 04:19:29.159723'),
(2008, 2, 25.12, '2019-01-01 04:19:29.197845'),
(2009, 3, 26.15, '2019-01-01 04:19:29.201732'),
(2010, 4, 28.99, '2019-01-01 04:19:29.206091'),
(2011, 5, 23.67, '2019-01-01 04:19:29.217324'),
(2012, 6, 25.7, '2019-01-01 04:19:29.228903'),
(2013, 7, 23.75, '2019-01-01 04:19:29.240286'),
(2014, 8, 30.27, '2019-01-01 04:19:29.251886'),
(2015, 1, 28.66, '2019-01-01 04:19:29.283118'),
(2016, 2, 31.21, '2019-01-01 04:19:29.322666'),
(2017, 3, 34.49, '2019-01-01 04:19:29.334216'),
(2018, 4, 31.32, '2019-01-01 04:19:29.338219'),
(2019, 5, 28.23, '2019-01-01 04:19:29.349833'),
(2020, 6, 26.15, '2019-01-01 04:19:29.354921'),
(2021, 7, 28.63, '2019-01-01 04:19:29.366594'),
(2022, 8, 25.64, '2019-01-01 04:19:29.371606'),
(2023, 1, 23.02, '2019-01-01 04:19:29.399909'),
(2024, 2, 28.78, '2019-01-01 04:19:29.440355'),
(2025, 3, 23.31, '2019-01-01 04:19:29.451917'),
(2026, 4, 25.9, '2019-01-01 04:19:29.463290'),
(2027, 5, 29.58, '2019-01-01 04:19:29.474862'),
(2028, 6, 33.94, '2019-01-01 04:19:29.479934'),
(2029, 7, 32.53, '2019-01-01 04:19:29.491550'),
(2030, 8, 23.98, '2019-01-01 04:19:29.496566'),
(2031, 1, 31.77, '2019-01-01 04:19:29.533933'),
(2032, 2, 25.07, '2019-01-01 04:19:29.564402'),
(2033, 3, 22.16, '2019-01-01 04:19:29.592410'),
(2034, 4, 34.37, '2019-01-01 04:19:29.606160'),
(2035, 5, 28.09, '2019-01-01 04:19:29.610553'),
(2036, 6, 30.31, '2019-01-01 04:19:29.614542'),
(2037, 7, 31.67, '2019-01-01 04:19:29.618754'),
(2038, 8, 29.73, '2019-01-01 04:19:29.622774'),
(2039, 1, 31.84, '2019-01-01 04:19:29.655059'),
(2040, 2, 23.38, '2019-01-01 04:19:29.680945'),
(2041, 3, 25.13, '2019-01-01 04:19:29.692563'),
(2042, 4, 24.64, '2019-01-01 04:19:29.696508'),
(2043, 5, 24.26, '2019-01-01 04:19:29.708165'),
(2044, 6, 30.76, '2019-01-01 04:19:29.719383'),
(2045, 7, 30.32, '2019-01-01 04:19:29.722686'),
(2046, 8, 24.21, '2019-01-01 04:19:29.733988'),
(2047, 1, 32.67, '2019-01-01 04:19:29.750570'),
(2048, 2, 23.58, '2019-01-01 04:19:29.789290'),
(2049, 3, 29.8, '2019-01-01 04:19:29.800880'),
(2050, 4, 23.11, '2019-01-01 04:19:29.804886'),
(2051, 5, 32.52, '2019-01-01 04:19:29.808160'),
(2052, 6, 27.31, '2019-01-01 04:19:29.819346'),
(2053, 7, 32.57, '2019-01-01 04:19:29.822770'),
(2054, 8, 33.66, '2019-01-01 04:19:29.834007'),
(2055, 1, 22.88, '2019-01-01 04:19:29.858925'),
(2056, 2, 29.28, '2019-01-01 04:19:29.897650'),
(2057, 3, 31.13, '2019-01-01 04:19:29.909146'),
(2058, 4, 22.82, '2019-01-01 04:19:29.913211'),
(2059, 5, 28.57, '2019-01-01 04:19:29.924843'),
(2060, 6, 24.55, '2019-01-01 04:19:29.936075'),
(2061, 7, 29.64, '2019-01-01 04:19:29.947716'),
(2062, 8, 26.05, '2019-01-01 04:19:29.958956'),
(2063, 1, 32.72, '2019-01-01 04:19:29.983809'),
(2064, 2, 33.06, '2019-01-01 04:19:30.022595'),
(2065, 3, 29.87, '2019-01-01 04:19:30.034228'),
(2066, 4, 34.84, '2019-01-01 04:19:30.038147'),
(2067, 5, 32.61, '2019-01-01 04:19:30.049901'),
(2068, 6, 34.92, '2019-01-01 04:19:30.054802'),
(2069, 7, 32.11, '2019-01-01 04:19:30.058211'),
(2070, 8, 29.01, '2019-01-01 04:19:30.069363'),
(2071, 1, 26.26, '2019-01-01 04:19:30.094152'),
(2072, 2, 28.01, '2019-01-01 04:19:30.118384'),
(2073, 3, 22.45, '2019-01-01 04:19:30.122716'),
(2074, 4, 24.85, '2019-01-01 04:19:30.134073'),
(2075, 5, 30.41, '2019-01-01 04:19:30.145745'),
(2076, 6, 29.36, '2019-01-01 04:19:30.149610'),
(2077, 7, 25.51, '2019-01-01 04:19:30.161282'),
(2078, 8, 28.76, '2019-01-01 04:19:30.172553'),
(2079, 1, 32.07, '2019-01-01 04:19:30.197472'),
(2080, 2, 27.9, '2019-01-01 04:19:30.239249'),
(2081, 3, 28.36, '2019-01-01 04:19:30.250910'),
(2082, 4, 30.37, '2019-01-01 04:19:30.254900'),
(2083, 5, 27.02, '2019-01-01 04:19:30.266528'),
(2084, 6, 23.2, '2019-01-01 04:19:30.271562'),
(2085, 7, 25.55, '2019-01-01 04:19:30.283145'),
(2086, 8, 26.7, '2019-01-01 04:19:30.294412'),
(2087, 1, 33.59, '2019-01-01 04:19:30.319149'),
(2088, 2, 34.79, '2019-01-01 04:19:30.333982'),
(2089, 3, 29.26, '2019-01-01 04:19:30.345598'),
(2090, 4, 22.96, '2019-01-01 04:19:30.356951'),
(2091, 5, 29.51, '2019-01-01 04:19:30.368510'),
(2092, 6, 31.98, '2019-01-01 04:19:30.379885'),
(2093, 7, 23.49, '2019-01-01 04:19:30.391433'),
(2094, 8, 27.09, '2019-01-01 04:19:30.402806'),
(2095, 1, 29.02, '2019-01-01 04:19:30.427706'),
(2096, 2, 31.77, '2019-01-01 04:19:30.451769'),
(2097, 3, 27.07, '2019-01-01 04:19:30.456048'),
(2098, 4, 28.79, '2019-01-01 04:19:30.467404'),
(2099, 5, 27.78, '2019-01-01 04:19:30.479184'),
(2100, 6, 25.86, '2019-01-01 04:19:30.491667'),
(2101, 7, 28.46, '2019-01-01 04:19:30.495814'),
(2102, 8, 30.65, '2019-01-01 04:19:30.499817'),
(2103, 1, 34.99, '2019-01-01 04:19:30.532091'),
(2104, 2, 27.89, '2019-01-01 04:19:30.555922'),
(2105, 3, 25.44, '2019-01-01 04:19:30.567493'),
(2106, 4, 30.78, '2019-01-01 04:19:30.571471'),
(2107, 5, 22.4, '2019-01-01 04:19:30.583190'),
(2108, 6, 32.34, '2019-01-01 04:19:30.588159'),
(2109, 7, 31.23, '2019-01-01 04:19:30.591480'),
(2110, 8, 22.26, '2019-01-01 04:19:30.596492'),
(2111, 1, 33.57, '2019-01-01 04:19:30.621320'),
(2112, 2, 23.69, '2019-01-01 04:19:30.646534'),
(2113, 3, 31.76, '2019-01-01 04:19:30.649692'),
(2114, 4, 22.19, '2019-01-01 04:19:30.661082'),
(2115, 5, 32.71, '2019-01-01 04:19:30.672672'),
(2116, 6, 29.5, '2019-01-01 04:19:30.684082'),
(2117, 7, 26.38, '2019-01-01 04:19:30.695626'),
(2118, 8, 22.99, '2019-01-01 04:19:30.706954'),
(2119, 1, 32.05, '2019-01-01 04:19:30.745880'),
(2120, 2, 28.25, '2019-01-01 04:19:30.772793'),
(2121, 3, 33.6, '2019-01-01 04:19:30.777078'),
(2122, 4, 22.48, '2019-01-01 04:19:30.781061'),
(2123, 5, 32.76, '2019-01-01 04:19:30.785435'),
(2124, 6, 27.26, '2019-01-01 04:19:30.789634'),
(2125, 7, 22.69, '2019-01-01 04:19:30.793753'),
(2126, 8, 22.19, '2019-01-01 04:19:30.797782'),
(2127, 1, 32.03, '2019-01-01 04:19:30.830148'),
(2128, 2, 25.17, '2019-01-01 04:19:30.855917'),
(2129, 3, 30.68, '2019-01-01 04:19:30.867622'),
(2130, 4, 29.63, '2019-01-01 04:19:30.871589'),
(2131, 5, 33.06, '2019-01-01 04:19:30.883228'),
(2132, 6, 24, '2019-01-01 04:19:30.888187'),
(2133, 7, 26.73, '2019-01-01 04:19:30.899906'),
(2134, 8, 24.2, '2019-01-01 04:19:30.904942'),
(2135, 1, 29.26, '2019-01-01 04:19:30.933209'),
(2136, 2, 25.1, '2019-01-01 04:19:30.951858'),
(2137, 3, 24.68, '2019-01-01 04:19:30.956090'),
(2138, 4, 32.37, '2019-01-01 04:19:30.960123'),
(2139, 5, 31.73, '2019-01-01 04:19:30.964380'),
(2140, 6, 34.29, '2019-01-01 04:19:30.975720'),
(2141, 7, 29.92, '2019-01-01 04:19:30.987233'),
(2142, 8, 28.66, '2019-01-01 04:19:30.998686'),
(2143, 1, 33.81, '2019-01-01 04:19:31.026839'),
(2144, 2, 28.4, '2019-01-01 04:19:31.064379'),
(2145, 3, 23.35, '2019-01-01 04:19:31.075872'),
(2146, 4, 22.34, '2019-01-01 04:19:31.079857'),
(2147, 5, 27.59, '2019-01-01 04:19:31.091520'),
(2148, 6, 32.91, '2019-01-01 04:19:31.096648'),
(2149, 7, 28.08, '2019-01-01 04:19:31.108286'),
(2150, 8, 26.07, '2019-01-01 04:19:31.113238'),
(2151, 1, 28.08, '2019-01-01 04:19:31.141494'),
(2152, 2, 22.29, '2019-01-01 04:19:31.181028'),
(2153, 3, 26.11, '2019-01-01 04:19:31.192534'),
(2154, 4, 28.77, '2019-01-01 04:19:31.196580'),
(2155, 5, 27.35, '2019-01-01 04:19:31.208101'),
(2156, 6, 32.47, '2019-01-01 04:19:31.219349'),
(2157, 7, 31.71, '2019-01-01 04:19:31.231118'),
(2158, 8, 28.69, '2019-01-01 04:19:31.235097'),
(2159, 1, 33.73, '2019-01-01 04:19:31.256046'),
(2160, 2, 25.59, '2019-01-01 04:19:31.276726'),
(2161, 3, 24.78, '2019-01-01 04:19:31.281080'),
(2162, 4, 26.55, '2019-01-01 04:19:31.285019'),
(2163, 5, 25.53, '2019-01-01 04:19:31.289403'),
(2164, 6, 27.29, '2019-01-01 04:19:31.300644'),
(2165, 7, 23.94, '2019-01-01 04:19:31.312280'),
(2166, 8, 23.67, '2019-01-01 04:19:31.327915'),
(2167, 1, 25.21, '2019-01-01 04:19:31.365024'),
(2168, 2, 32.79, '2019-01-01 04:19:31.397929'),
(2169, 3, 33.45, '2019-01-01 04:19:31.401905'),
(2170, 4, 24.51, '2019-01-01 04:19:31.406228'),
(2171, 5, 30.08, '2019-01-01 04:19:31.410232'),
(2172, 6, 24.31, '2019-01-01 04:19:31.414551'),
(2173, 7, 34.44, '2019-01-01 04:19:31.418514'),
(2174, 8, 34.58, '2019-01-01 04:19:31.422838'),
(2175, 1, 23.02, '2019-01-01 04:19:31.453206'),
(2176, 2, 30.67, '2019-01-01 04:19:31.491697'),
(2177, 3, 31.35, '2019-01-01 04:19:31.496705'),
(2178, 4, 34.14, '2019-01-01 04:19:31.508295'),
(2179, 5, 34.14, '2019-01-01 04:19:31.513394'),
(2180, 6, 22.51, '2019-01-01 04:19:31.524983'),
(2181, 7, 28.18, '2019-01-01 04:19:31.530066'),
(2182, 8, 22.08, '2019-01-01 04:19:31.534357'),
(2183, 1, 26.38, '2019-01-01 04:19:31.565744'),
(2184, 2, 25.66, '2019-01-01 04:19:31.600043'),
(2185, 3, 33.31, '2019-01-01 04:19:31.605047'),
(2186, 4, 22.62, '2019-01-01 04:19:31.609348'),
(2187, 5, 29.84, '2019-01-01 04:19:31.613312'),
(2188, 6, 34.33, '2019-01-01 04:19:31.624980'),
(2189, 7, 30.04, '2019-01-01 04:19:31.630059'),
(2190, 8, 26.35, '2019-01-01 04:19:31.634281'),
(2191, 1, 24.05, '2019-01-01 04:19:31.665294'),
(2192, 2, 34.37, '2019-01-01 04:19:31.700102'),
(2193, 3, 29.57, '2019-01-01 04:19:31.705068'),
(2194, 4, 30.89, '2019-01-01 04:19:31.709354'),
(2195, 5, 29.3, '2019-01-01 04:19:31.713376'),
(2196, 6, 34.41, '2019-01-01 04:19:31.717639'),
(2197, 7, 28.52, '2019-01-01 04:19:31.721712'),
(2198, 8, 24.46, '2019-01-01 04:19:31.733316'),
(2199, 1, 28.91, '2019-01-01 04:19:31.763544'),
(2200, 2, 27.41, '2019-01-01 04:19:31.798741');
INSERT INTO `datas` (`id`, `chart_id`, `value`, `created_at`) VALUES
(2201, 3, 33.16, '2019-01-01 04:19:31.810012'),
(2202, 4, 28.3, '2019-01-01 04:19:31.814420'),
(2203, 5, 24.2, '2019-01-01 04:19:31.818358'),
(2204, 6, 25.46, '2019-01-01 04:19:31.822714'),
(2205, 7, 27.24, '2019-01-01 04:19:31.834020'),
(2206, 8, 32.42, '2019-01-01 04:19:31.852886'),
(2207, 1, 30.36, '2019-01-01 04:19:31.881072'),
(2208, 2, 28.31, '2019-01-01 04:19:31.900833'),
(2209, 3, 32.05, '2019-01-01 04:19:31.904866'),
(2210, 4, 25.46, '2019-01-01 04:19:31.916501'),
(2211, 5, 30.89, '2019-01-01 04:19:31.921543'),
(2212, 6, 30.72, '2019-01-01 04:19:31.933209'),
(2213, 7, 33.65, '2019-01-01 04:19:31.938258'),
(2214, 8, 32.84, '2019-01-01 04:19:31.949721'),
(2215, 1, 24.86, '2019-01-01 04:19:31.971793'),
(2216, 2, 33.47, '2019-01-01 04:19:31.995459'),
(2217, 3, 23.47, '2019-01-01 04:19:32.006806'),
(2218, 4, 25.5, '2019-01-01 04:19:32.010013'),
(2219, 5, 22.01, '2019-01-01 04:19:32.021402'),
(2220, 6, 26.15, '2019-01-01 04:19:32.024651'),
(2221, 7, 26.57, '2019-01-01 04:19:32.035893'),
(2222, 8, 24.84, '2019-01-01 04:19:32.039366'),
(2223, 1, 24.86, '2019-01-01 04:19:32.059704'),
(2224, 2, 29.91, '2019-01-01 04:19:32.085117'),
(2225, 3, 24.77, '2019-01-01 04:19:32.096425'),
(2226, 4, 29.78, '2019-01-01 04:19:32.099696'),
(2227, 5, 31.74, '2019-01-01 04:19:32.110929'),
(2228, 6, 24.13, '2019-01-01 04:19:32.114216'),
(2229, 7, 25.83, '2019-01-01 04:19:32.125546'),
(2230, 8, 28.06, '2019-01-01 04:19:32.128758'),
(2231, 1, 29.3, '2019-01-01 04:19:32.148635'),
(2232, 2, 24.4, '2019-01-01 04:19:32.175737'),
(2233, 3, 26.91, '2019-01-01 04:19:32.179742'),
(2234, 4, 22.19, '2019-01-01 04:19:32.182947'),
(2235, 5, 30.53, '2019-01-01 04:19:32.208707'),
(2236, 6, 30.63, '2019-01-01 04:19:32.222623'),
(2237, 7, 22.3, '2019-01-01 04:19:32.233877'),
(2238, 8, 23.64, '2019-01-01 04:19:32.237064'),
(2239, 1, 28.96, '2019-01-01 04:19:32.248855'),
(2240, 2, 30.06, '2019-01-01 04:19:32.276784'),
(2241, 3, 23.81, '2019-01-01 04:19:32.288128'),
(2242, 4, 23.31, '2019-01-01 04:19:32.299669'),
(2243, 5, 23.53, '2019-01-01 04:19:32.310911'),
(2244, 6, 33.2, '2019-01-01 04:19:32.314232'),
(2245, 7, 29.37, '2019-01-01 04:19:32.325523'),
(2246, 8, 34.64, '2019-01-01 04:19:32.328685'),
(2247, 1, 27.86, '2019-01-01 04:19:32.340271'),
(2248, 2, 33.92, '2019-01-01 04:19:32.368422'),
(2249, 3, 23.38, '2019-01-01 04:19:32.379740'),
(2250, 4, 27.84, '2019-01-01 04:19:32.382938'),
(2251, 5, 23.13, '2019-01-01 04:19:32.394275'),
(2252, 6, 30.52, '2019-01-01 04:19:32.397569'),
(2253, 7, 23.61, '2019-01-01 04:19:32.408907'),
(2254, 8, 29.18, '2019-01-01 04:19:32.420460'),
(2255, 1, 30.28, '2019-01-01 04:19:32.440695'),
(2256, 2, 33.86, '2019-01-01 04:19:32.458054'),
(2257, 3, 33.74, '2019-01-01 04:19:32.469283'),
(2258, 4, 33.3, '2019-01-01 04:19:32.472565'),
(2259, 5, 23.96, '2019-01-01 04:19:32.483868'),
(2260, 6, 28.54, '2019-01-01 04:19:32.487087'),
(2261, 7, 27.57, '2019-01-01 04:19:32.498461'),
(2262, 8, 25.81, '2019-01-01 04:19:32.501721'),
(2263, 1, 24.9, '2019-01-01 04:19:32.521538'),
(2264, 2, 34.07, '2019-01-01 04:19:32.551754'),
(2265, 3, 31.36, '2019-01-01 04:19:32.563089'),
(2266, 4, 31.42, '2019-01-01 04:19:32.566247'),
(2267, 5, 34.28, '2019-01-01 04:19:32.569164'),
(2268, 6, 30.84, '2019-01-01 04:19:32.572528'),
(2269, 7, 32.42, '2019-01-01 04:19:32.583843'),
(2270, 8, 27.57, '2019-01-01 04:19:32.587149'),
(2271, 1, 23.42, '2019-01-01 04:19:32.607056'),
(2272, 2, 29.37, '2019-01-01 04:19:32.634022'),
(2273, 3, 26.12, '2019-01-01 04:19:32.638104'),
(2274, 4, 24.34, '2019-01-01 04:19:32.641351'),
(2275, 5, 29.7, '2019-01-01 04:19:32.652576'),
(2276, 6, 33.35, '2019-01-01 04:19:32.655901'),
(2277, 7, 24.99, '2019-01-01 04:19:32.667190'),
(2278, 8, 34.71, '2019-01-01 04:19:32.670506'),
(2279, 1, 33.8, '2019-01-01 04:19:32.690610'),
(2280, 2, 26.51, '2019-01-01 04:19:32.717378'),
(2281, 3, 30.11, '2019-01-01 04:19:32.721423'),
(2282, 4, 31.67, '2019-01-01 04:19:32.724688'),
(2283, 5, 23.9, '2019-01-01 04:19:32.735927'),
(2284, 6, 34.79, '2019-01-01 04:19:32.739283'),
(2285, 7, 33.37, '2019-01-01 04:19:32.750529'),
(2286, 8, 29.05, '2019-01-01 04:19:32.753690'),
(2287, 1, 32.93, '2019-01-01 04:19:32.773831'),
(2288, 2, 33.1, '2019-01-01 04:19:32.800677'),
(2289, 3, 24.41, '2019-01-01 04:19:32.804718'),
(2290, 4, 34.34, '2019-01-01 04:19:32.808041'),
(2291, 5, 26.74, '2019-01-01 04:19:32.819271'),
(2292, 6, 30.14, '2019-01-01 04:19:32.822603'),
(2293, 7, 32.19, '2019-01-01 04:19:32.833842'),
(2294, 8, 26.8, '2019-01-01 04:19:32.837027'),
(2295, 1, 26.44, '2019-01-01 04:19:32.850691'),
(2296, 2, 29.66, '2019-01-01 04:19:32.876749'),
(2297, 3, 31.98, '2019-01-01 04:19:32.888099'),
(2298, 4, 23.14, '2019-01-01 04:19:32.899674'),
(2299, 5, 29.15, '2019-01-01 04:19:32.910912'),
(2300, 6, 31.12, '2019-01-01 04:19:32.914186'),
(2301, 7, 28.54, '2019-01-01 04:19:32.925528'),
(2302, 8, 28.93, '2019-01-01 04:19:32.928765'),
(2303, 1, 22.52, '2019-01-01 04:19:32.950720'),
(2304, 2, 30.56, '2019-01-01 04:19:32.976779'),
(2305, 3, 33.81, '2019-01-01 04:19:32.988108'),
(2306, 4, 26.25, '2019-01-01 04:19:32.999620'),
(2307, 5, 28.2, '2019-01-01 04:19:33.010903'),
(2308, 6, 24.96, '2019-01-01 04:19:33.014192'),
(2309, 7, 32.35, '2019-01-01 04:19:33.025640'),
(2310, 8, 33.41, '2019-01-01 04:19:33.028771'),
(2311, 1, 24.12, '2019-01-01 04:19:33.048595'),
(2312, 2, 22.84, '2019-01-01 04:19:33.075728'),
(2313, 3, 29.94, '2019-01-01 04:19:33.079734'),
(2314, 4, 29.82, '2019-01-01 04:19:33.082917'),
(2315, 5, 25.16, '2019-01-01 04:19:33.094255'),
(2316, 6, 32.37, '2019-01-01 04:19:33.097609'),
(2317, 7, 28.12, '2019-01-01 04:19:33.108874'),
(2318, 8, 34.2, '2019-01-01 04:19:33.112017'),
(2319, 1, 23.68, '2019-01-01 04:19:33.131305'),
(2320, 2, 30.72, '2019-01-01 04:19:33.160089'),
(2321, 3, 26.7, '2019-01-01 04:19:33.171430'),
(2322, 4, 27.95, '2019-01-01 04:19:33.174647'),
(2323, 5, 30.71, '2019-01-01 04:19:33.185939'),
(2324, 6, 29.13, '2019-01-01 04:19:33.189311'),
(2325, 7, 24.5, '2019-01-01 04:19:33.200552'),
(2326, 8, 23, '2019-01-01 04:19:33.203730'),
(2327, 1, 23.87, '2019-01-01 04:19:33.223343'),
(2328, 2, 22.88, '2019-01-01 04:19:33.251792'),
(2329, 3, 25.04, '2019-01-01 04:19:33.263175'),
(2330, 4, 26.21, '2019-01-01 04:19:33.274672'),
(2331, 5, 29.51, '2019-01-01 04:19:33.285919'),
(2332, 6, 22.38, '2019-01-01 04:19:33.289280'),
(2333, 7, 25.62, '2019-01-01 04:19:33.300529'),
(2334, 8, 33.15, '2019-01-01 04:19:33.303780'),
(2335, 1, 23.63, '2019-01-01 04:19:33.323654'),
(2336, 2, 26.4, '2019-01-01 04:19:33.352798'),
(2337, 3, 34.14, '2019-01-01 04:19:33.364137'),
(2338, 4, 27.55, '2019-01-01 04:19:33.375710'),
(2339, 5, 32.91, '2019-01-01 04:19:33.379711'),
(2340, 6, 34.4, '2019-01-01 04:19:33.382948'),
(2341, 7, 23.34, '2019-01-01 04:19:33.394260'),
(2342, 8, 24.4, '2019-01-01 04:19:33.397563'),
(2343, 1, 27.98, '2019-01-01 04:19:33.417270'),
(2344, 2, 33.47, '2019-01-01 04:19:33.443424'),
(2345, 3, 25.83, '2019-01-01 04:19:33.454780'),
(2346, 4, 29.68, '2019-01-01 04:19:33.466370'),
(2347, 5, 26.33, '2019-01-01 04:19:33.477602'),
(2348, 6, 32.63, '2019-01-01 04:19:33.480941'),
(2349, 7, 23.96, '2019-01-01 04:19:33.492215'),
(2350, 8, 24.26, '2019-01-01 04:19:33.503790'),
(2351, 1, 34.84, '2019-01-01 04:19:33.523796'),
(2352, 2, 32.91, '2019-01-01 04:19:33.541387'),
(2353, 3, 34.44, '2019-01-01 04:19:33.552595'),
(2354, 4, 29.11, '2019-01-01 04:19:33.555933'),
(2355, 5, 29.46, '2019-01-01 04:19:33.567220'),
(2356, 6, 28.39, '2019-01-01 04:19:33.578802'),
(2357, 7, 33.26, '2019-01-01 04:19:33.590097'),
(2358, 8, 30.33, '2019-01-01 04:19:33.593360'),
(2359, 1, 32.12, '2019-01-01 04:19:33.612870'),
(2360, 2, 33.98, '2019-01-01 04:19:33.642367'),
(2361, 3, 31.81, '2019-01-01 04:19:33.646408'),
(2362, 4, 26.16, '2019-01-01 04:19:33.649681'),
(2363, 5, 22.78, '2019-01-01 04:19:33.661100'),
(2364, 6, 31.65, '2019-01-01 04:19:33.672811'),
(2365, 7, 29.24, '2019-01-01 04:19:33.676799'),
(2366, 8, 26.85, '2019-01-01 04:19:33.681046'),
(2367, 1, 30.73, '2019-01-01 04:19:33.711601'),
(2368, 2, 23.79, '2019-01-01 04:19:33.741455'),
(2369, 3, 25.35, '2019-01-01 04:19:33.746504'),
(2370, 4, 24.55, '2019-01-01 04:19:33.758102'),
(2371, 5, 32.78, '2019-01-01 04:19:33.769380'),
(2372, 6, 32.9, '2019-01-01 04:19:33.781032'),
(2373, 7, 34.62, '2019-01-01 04:19:33.792329'),
(2374, 8, 23.54, '2019-01-01 04:19:33.803899'),
(2375, 1, 34.36, '2019-01-01 04:19:33.829890'),
(2376, 2, 24.97, '2019-01-01 04:19:33.850791'),
(2377, 3, 23.66, '2019-01-01 04:19:33.854892'),
(2378, 4, 28.96, '2019-01-01 04:19:33.866455'),
(2379, 5, 34.32, '2019-01-01 04:19:33.871513'),
(2380, 6, 25.46, '2019-01-01 04:19:33.883167'),
(2381, 7, 25.35, '2019-01-01 04:19:33.891474'),
(2382, 8, 32.44, '2019-01-01 04:19:33.896471'),
(2383, 1, 24.39, '2019-01-01 04:19:33.915043'),
(2384, 2, 22.69, '2019-01-01 04:19:33.957987'),
(2385, 3, 32.38, '2019-01-01 04:19:33.969563'),
(2386, 4, 29.09, '2019-01-01 04:19:33.980916'),
(2387, 5, 34.2, '2019-01-01 04:19:33.992507'),
(2388, 6, 23.73, '2019-01-01 04:19:33.996502'),
(2389, 7, 32.93, '2019-01-01 04:19:34.008162'),
(2390, 8, 24.09, '2019-01-01 04:19:34.013203'),
(2391, 1, 30.27, '2019-01-01 04:19:34.039306'),
(2392, 2, 33.66, '2019-01-01 04:19:34.060012'),
(2393, 3, 33.83, '2019-01-01 04:19:34.064330'),
(2394, 4, 32.57, '2019-01-01 04:19:34.075636'),
(2395, 5, 31.51, '2019-01-01 04:19:34.087236'),
(2396, 6, 33.29, '2019-01-01 04:19:34.098584'),
(2397, 7, 27.13, '2019-01-01 04:19:34.110198'),
(2398, 8, 33.9, '2019-01-01 04:19:34.114124'),
(2399, 1, 28.83, '2019-01-01 04:19:34.140928'),
(2400, 2, 24.67, '2019-01-01 04:19:34.182981'),
(2401, 3, 33.88, '2019-01-01 04:19:34.194713'),
(2402, 4, 25.26, '2019-01-01 04:19:34.198764'),
(2403, 5, 28.85, '2019-01-01 04:19:34.210357'),
(2404, 6, 34.4, '2019-01-01 04:19:34.214355'),
(2405, 7, 26.84, '2019-01-01 04:19:34.226087'),
(2406, 8, 27.69, '2019-01-01 04:19:34.230042'),
(2407, 1, 30.52, '2019-01-01 04:19:34.257127'),
(2408, 2, 23.21, '2019-01-01 04:19:34.291332'),
(2409, 3, 26.45, '2019-01-01 04:19:34.302853'),
(2410, 4, 31.81, '2019-01-01 04:19:34.314463'),
(2411, 5, 24.07, '2019-01-01 04:19:34.318709'),
(2412, 6, 23.24, '2019-01-01 04:19:34.322693'),
(2413, 7, 26.28, '2019-01-01 04:19:34.334417'),
(2414, 8, 26.09, '2019-01-01 04:19:34.338279'),
(2415, 1, 31.17, '2019-01-01 04:19:34.370403'),
(2416, 2, 24.43, '2019-01-01 04:19:34.399675'),
(2417, 3, 28.82, '2019-01-01 04:19:34.411121'),
(2418, 4, 25.27, '2019-01-01 04:19:34.422396'),
(2419, 5, 31.83, '2019-01-01 04:19:34.425632'),
(2420, 6, 22.66, '2019-01-01 04:19:34.429747'),
(2421, 7, 34.53, '2019-01-01 04:19:34.432993'),
(2422, 8, 24.14, '2019-01-01 04:19:34.444297'),
(2423, 1, 26.59, '2019-01-01 04:19:34.467935'),
(2424, 2, 27.72, '2019-01-01 04:19:34.492392'),
(2425, 3, 31.71, '2019-01-01 04:19:34.503878'),
(2426, 4, 33.44, '2019-01-01 04:19:34.515233'),
(2427, 5, 29.97, '2019-01-01 04:19:34.526846'),
(2428, 6, 27.09, '2019-01-01 04:19:34.538169'),
(2429, 7, 31.95, '2019-01-01 04:19:34.549739'),
(2430, 8, 29.43, '2019-01-01 04:19:34.561202'),
(2431, 1, 31.85, '2019-01-01 04:19:34.599956'),
(2432, 2, 27.34, '2019-01-01 04:19:34.633100'),
(2433, 3, 32.28, '2019-01-01 04:19:34.637423'),
(2434, 4, 24.61, '2019-01-01 04:19:34.641476'),
(2435, 5, 34.4, '2019-01-01 04:19:34.654049'),
(2436, 6, 28.5, '2019-01-01 04:19:34.658093'),
(2437, 7, 32.59, '2019-01-01 04:19:34.662382'),
(2438, 8, 31.3, '2019-01-01 04:19:34.666429'),
(2439, 1, 22.05, '2019-01-01 04:19:34.703328'),
(2440, 2, 30.51, '2019-01-01 04:19:34.732937'),
(2441, 3, 28.73, '2019-01-01 04:19:34.758887'),
(2442, 4, 28.06, '2019-01-01 04:19:34.772698'),
(2443, 5, 34.06, '2019-01-01 04:19:34.784206'),
(2444, 6, 24, '2019-01-01 04:19:34.788200'),
(2445, 7, 26.96, '2019-01-01 04:19:34.799834'),
(2446, 8, 31.77, '2019-01-01 04:19:34.804834'),
(2447, 1, 25.66, '2019-01-01 04:19:34.833565'),
(2448, 2, 26.85, '2019-01-01 04:19:34.874696'),
(2449, 3, 22.52, '2019-01-01 04:19:34.886226'),
(2450, 4, 29.9, '2019-01-01 04:19:34.897676'),
(2451, 5, 33.6, '2019-01-01 04:19:34.909209'),
(2452, 6, 33.28, '2019-01-01 04:19:34.913208'),
(2453, 7, 28.43, '2019-01-01 04:19:34.924872'),
(2454, 8, 24.86, '2019-01-01 04:19:34.929901'),
(2455, 1, 29.85, '2019-01-01 04:19:34.957832'),
(2456, 2, 24.84, '2019-01-01 04:19:34.976712'),
(2457, 3, 26.7, '2019-01-01 04:19:34.981013'),
(2458, 4, 34.03, '2019-01-01 04:19:34.992324'),
(2459, 5, 22.47, '2019-01-01 04:19:35.003850'),
(2460, 6, 34.2, '2019-01-01 04:19:35.015274'),
(2461, 7, 33.89, '2019-01-01 04:19:35.026843'),
(2462, 8, 27.81, '2019-01-01 04:19:35.038202'),
(2463, 1, 25.42, '2019-01-01 04:19:35.066258'),
(2464, 2, 29.61, '2019-01-01 04:19:35.108105'),
(2465, 3, 28.12, '2019-01-01 04:19:35.119506'),
(2466, 4, 33.09, '2019-01-01 04:19:35.130899'),
(2467, 5, 32.8, '2019-01-01 04:19:35.142473'),
(2468, 6, 25.11, '2019-01-01 04:19:35.146468'),
(2469, 7, 25.26, '2019-01-01 04:19:35.158202'),
(2470, 8, 25.86, '2019-01-01 04:19:35.163186'),
(2471, 1, 33.74, '2019-01-01 04:19:35.191037'),
(2472, 2, 27.57, '2019-01-01 04:19:35.232981'),
(2473, 3, 30.42, '2019-01-01 04:19:35.244582'),
(2474, 4, 28.96, '2019-01-01 04:19:35.248571'),
(2475, 5, 27.19, '2019-01-01 04:19:35.260176'),
(2476, 6, 27.36, '2019-01-01 04:19:35.271455'),
(2477, 7, 34.84, '2019-01-01 04:19:35.283127'),
(2478, 8, 34.87, '2019-01-01 04:19:35.288178'),
(2479, 1, 34.28, '2019-01-01 04:19:35.316445'),
(2480, 2, 30.89, '2019-01-01 04:19:35.357982'),
(2481, 3, 22.24, '2019-01-01 04:19:35.369524'),
(2482, 4, 28.4, '2019-01-01 04:19:35.373564'),
(2483, 5, 30.86, '2019-01-01 04:19:35.385194'),
(2484, 6, 23.21, '2019-01-01 04:19:35.389267'),
(2485, 7, 24.83, '2019-01-01 04:19:35.400846'),
(2486, 8, 29.25, '2019-01-01 04:19:35.404860'),
(2487, 1, 26.22, '2019-01-01 04:19:35.433360'),
(2488, 2, 32.23, '2019-01-01 04:19:35.451777'),
(2489, 3, 32.64, '2019-01-01 04:19:35.456021'),
(2490, 4, 34.75, '2019-01-01 04:19:35.467291'),
(2491, 5, 33.97, '2019-01-01 04:19:35.478866'),
(2492, 6, 23.36, '2019-01-01 04:19:35.490300'),
(2493, 7, 34.28, '2019-01-01 04:19:35.501834'),
(2494, 8, 34.97, '2019-01-01 04:19:35.513214'),
(2495, 1, 26.52, '2019-01-01 04:19:35.541418'),
(2496, 2, 34.14, '2019-01-01 04:19:35.582849'),
(2497, 3, 29.27, '2019-01-01 04:19:35.586020'),
(2498, 4, 33.6, '2019-01-01 04:19:35.597417'),
(2499, 5, 34.05, '2019-01-01 04:19:35.608982'),
(2500, 6, 22.94, '2019-01-01 04:19:35.613046'),
(2501, 7, 25.9, '2019-01-01 04:19:35.616300'),
(2502, 8, 29.31, '2019-01-01 04:19:35.627540'),
(2503, 1, 26.14, '2019-01-01 04:19:35.639035'),
(2504, 2, 24.9, '2019-01-01 04:19:35.658857'),
(2505, 3, 34.87, '2019-01-01 04:19:35.670348'),
(2506, 4, 32.76, '2019-01-01 04:19:35.673361'),
(2507, 5, 26.68, '2019-01-01 04:19:35.676645'),
(2508, 6, 34.57, '2019-01-01 04:19:35.688020'),
(2509, 7, 28.88, '2019-01-01 04:19:35.691349'),
(2510, 8, 28.55, '2019-01-01 04:19:35.702546'),
(2511, 1, 34.33, '2019-01-01 04:19:35.713907'),
(2512, 2, 33.23, '2019-01-01 04:19:35.743251'),
(2513, 3, 30.46, '2019-01-01 04:19:35.747579'),
(2514, 4, 29.49, '2019-01-01 04:19:35.758785'),
(2515, 5, 29.82, '2019-01-01 04:19:35.761993'),
(2516, 6, 32.79, '2019-01-01 04:19:35.773385'),
(2517, 7, 25.83, '2019-01-01 04:19:35.776696'),
(2518, 8, 28.45, '2019-01-01 04:19:35.788046'),
(2519, 1, 28.68, '2019-01-01 04:19:35.799295'),
(2520, 2, 24.46, '2019-01-01 04:19:35.817196'),
(2521, 3, 27.29, '2019-01-01 04:19:35.820436'),
(2522, 4, 27.55, '2019-01-01 04:19:35.831910'),
(2523, 5, 26.79, '2019-01-01 04:19:35.843368'),
(2524, 6, 28, '2019-01-01 04:19:35.854787'),
(2525, 7, 32.16, '2019-01-01 04:19:35.866369'),
(2526, 8, 23.78, '2019-01-01 04:19:35.871413'),
(2527, 1, 33.2, '2019-01-01 04:19:35.892006'),
(2528, 2, 30.94, '2019-01-01 04:19:35.918284'),
(2529, 3, 26.87, '2019-01-01 04:19:35.922549'),
(2530, 4, 22.21, '2019-01-01 04:19:35.933840'),
(2531, 5, 33.71, '2019-01-01 04:19:35.945448'),
(2532, 6, 28.45, '2019-01-01 04:19:35.956752'),
(2533, 7, 29.46, '2019-01-01 04:19:35.960021'),
(2534, 8, 24.7, '2019-01-01 04:19:35.971407'),
(2535, 1, 23.23, '2019-01-01 04:19:35.983143'),
(2536, 2, 22.15, '2019-01-01 04:19:36.010900'),
(2537, 3, 29.64, '2019-01-01 04:19:36.014255'),
(2538, 4, 27.07, '2019-01-01 04:19:36.025506'),
(2539, 5, 34.34, '2019-01-01 04:19:36.028746'),
(2540, 6, 30.32, '2019-01-01 04:19:36.040114'),
(2541, 7, 28.28, '2019-01-01 04:19:36.051718'),
(2542, 8, 25.81, '2019-01-01 04:19:36.063085'),
(2543, 1, 25.82, '2019-01-01 04:19:36.083041'),
(2544, 2, 25.39, '2019-01-01 04:19:36.100484'),
(2545, 3, 25.92, '2019-01-01 04:19:36.112103'),
(2546, 4, 30.61, '2019-01-01 04:19:36.123442'),
(2547, 5, 24.31, '2019-01-01 04:19:36.126659'),
(2548, 6, 22.19, '2019-01-01 04:19:36.138074'),
(2549, 7, 27.55, '2019-01-01 04:19:36.149676'),
(2550, 8, 26.23, '2019-01-01 04:19:36.160913'),
(2551, 1, 25.47, '2019-01-01 04:19:36.172929'),
(2552, 2, 25.49, '2019-01-01 04:19:36.193197'),
(2553, 3, 28.69, '2019-01-01 04:19:36.197578'),
(2554, 4, 29.48, '2019-01-01 04:19:36.208842'),
(2555, 5, 34.5, '2019-01-01 04:19:36.220432'),
(2556, 6, 23.23, '2019-01-01 04:19:36.231773'),
(2557, 7, 27.38, '2019-01-01 04:19:36.235044'),
(2558, 8, 28.75, '2019-01-01 04:19:36.246404'),
(2559, 1, 31.2, '2019-01-01 04:19:36.266844'),
(2560, 2, 29.75, '2019-01-01 04:19:36.283817'),
(2561, 3, 29.9, '2019-01-01 04:19:36.287075'),
(2562, 4, 22.85, '2019-01-01 04:19:36.298422'),
(2563, 5, 28.42, '2019-01-01 04:19:36.301670'),
(2564, 6, 25.05, '2019-01-01 04:19:36.313033'),
(2565, 7, 27.64, '2019-01-01 04:19:36.316257'),
(2566, 8, 23.62, '2019-01-01 04:19:36.327530'),
(2567, 1, 34.3, '2019-01-01 04:19:36.339810'),
(2568, 2, 22.58, '2019-01-01 04:19:36.368210'),
(2569, 3, 22.81, '2019-01-01 04:19:36.372567'),
(2570, 4, 34.42, '2019-01-01 04:19:36.383836'),
(2571, 5, 24.5, '2019-01-01 04:19:36.395398'),
(2572, 6, 31.36, '2019-01-01 04:19:36.406772'),
(2573, 7, 23.34, '2019-01-01 04:19:36.410053'),
(2574, 8, 24.5, '2019-01-01 04:19:36.421357'),
(2575, 1, 28.75, '2019-01-01 04:19:36.433094'),
(2576, 2, 31.97, '2019-01-01 04:19:36.459859'),
(2577, 3, 28.67, '2019-01-01 04:19:36.464208'),
(2578, 4, 33.59, '2019-01-01 04:19:36.475491'),
(2579, 5, 24.6, '2019-01-01 04:19:36.478682'),
(2580, 6, 24.04, '2019-01-01 04:19:36.490119'),
(2581, 7, 32.04, '2019-01-01 04:19:36.493289'),
(2582, 8, 26.16, '2019-01-01 04:19:36.504728'),
(2583, 1, 22.64, '2019-01-01 04:19:36.516288'),
(2584, 2, 24.86, '2019-01-01 04:19:36.533800'),
(2585, 3, 29.61, '2019-01-01 04:19:36.537021'),
(2586, 4, 31.16, '2019-01-01 04:19:36.548423'),
(2587, 5, 25.67, '2019-01-01 04:19:36.551697'),
(2588, 6, 30.12, '2019-01-01 04:19:36.563067'),
(2589, 7, 34.82, '2019-01-01 04:19:36.566256'),
(2590, 8, 28.86, '2019-01-01 04:19:36.577540'),
(2591, 1, 30.38, '2019-01-01 04:19:36.589494'),
(2592, 2, 24.33, '2019-01-01 04:19:36.618212'),
(2593, 3, 33.64, '2019-01-01 04:19:36.622505'),
(2594, 4, 24.35, '2019-01-01 04:19:36.633809'),
(2595, 5, 32.07, '2019-01-01 04:19:36.637135'),
(2596, 6, 28.61, '2019-01-01 04:19:36.648462'),
(2597, 7, 25.63, '2019-01-01 04:19:36.660059'),
(2598, 8, 22.41, '2019-01-01 04:19:36.671460'),
(2599, 1, 23.96, '2019-01-01 04:19:36.683025'),
(2600, 2, 23.5, '2019-01-01 04:19:36.700501'),
(2601, 3, 32.3, '2019-01-01 04:19:36.703713'),
(2602, 4, 32.69, '2019-01-01 04:19:36.715096'),
(2603, 5, 25.96, '2019-01-01 04:19:36.718397'),
(2604, 6, 27.81, '2019-01-01 04:19:36.729728'),
(2605, 7, 34.61, '2019-01-01 04:19:36.741305'),
(2606, 8, 27.39, '2019-01-01 04:19:36.752572'),
(2607, 1, 30.6, '2019-01-01 04:19:36.764445'),
(2608, 2, 22.93, '2019-01-01 04:19:36.784875'),
(2609, 3, 27.91, '2019-01-01 04:19:36.789245'),
(2610, 4, 27.2, '2019-01-01 04:19:36.800515'),
(2611, 5, 24.72, '2019-01-01 04:19:36.803800'),
(2612, 6, 28.22, '2019-01-01 04:19:36.815107'),
(2613, 7, 28.82, '2019-01-01 04:19:36.826693'),
(2614, 8, 30.36, '2019-01-01 04:19:36.838064'),
(2615, 1, 26.69, '2019-01-01 04:19:36.858357'),
(2616, 2, 26.16, '2019-01-01 04:19:36.884866'),
(2617, 3, 27.41, '2019-01-01 04:19:36.889216'),
(2618, 4, 33.99, '2019-01-01 04:19:36.900492'),
(2619, 5, 24.74, '2019-01-01 04:19:36.903732'),
(2620, 6, 34.15, '2019-01-01 04:19:36.915095'),
(2621, 7, 22.99, '2019-01-01 04:19:36.918397'),
(2622, 8, 27.03, '2019-01-01 04:19:36.929705'),
(2623, 1, 28.54, '2019-01-01 04:19:36.941949'),
(2624, 2, 30.39, '2019-01-01 04:19:36.958839'),
(2625, 3, 28.03, '2019-01-01 04:19:36.970316'),
(2626, 4, 30.84, '2019-01-01 04:19:36.973400'),
(2627, 5, 28.26, '2019-01-01 04:19:36.976690'),
(2628, 6, 26.06, '2019-01-01 04:19:36.988042'),
(2629, 7, 25.56, '2019-01-01 04:19:36.999607'),
(2630, 8, 23.16, '2019-01-01 04:19:37.010838'),
(2631, 1, 23.69, '2019-01-01 04:19:37.022801'),
(2632, 2, 34.1, '2019-01-01 04:19:37.051506'),
(2633, 3, 32.4, '2019-01-01 04:19:37.055864'),
(2634, 4, 23.35, '2019-01-01 04:19:37.067140'),
(2635, 5, 26.24, '2019-01-01 04:19:37.070394'),
(2636, 6, 33.09, '2019-01-01 04:19:37.081725'),
(2637, 7, 34.5, '2019-01-01 04:19:37.085028'),
(2638, 8, 22.4, '2019-01-01 04:19:37.096361'),
(2639, 1, 25.53, '2019-01-01 04:19:37.108663'),
(2640, 2, 30.67, '2019-01-01 04:19:37.125462'),
(2641, 3, 33.5, '2019-01-01 04:19:37.128644'),
(2642, 4, 30.67, '2019-01-01 04:19:37.140052'),
(2643, 5, 30.53, '2019-01-01 04:19:37.143268'),
(2644, 6, 32.87, '2019-01-01 04:19:37.154703'),
(2645, 7, 33.62, '2019-01-01 04:19:37.157959'),
(2646, 8, 24.52, '2019-01-01 04:19:37.169209'),
(2647, 1, 33.51, '2019-01-01 04:19:37.182129'),
(2648, 2, 26.2, '2019-01-01 04:19:37.209862'),
(2649, 3, 28.16, '2019-01-01 04:19:37.214187'),
(2650, 4, 31.98, '2019-01-01 04:19:37.225464'),
(2651, 5, 30.14, '2019-01-01 04:19:37.228691'),
(2652, 6, 32.14, '2019-01-01 04:19:37.240050'),
(2653, 7, 34.52, '2019-01-01 04:19:37.243263'),
(2654, 8, 33.74, '2019-01-01 04:19:37.254651'),
(2655, 1, 26.92, '2019-01-01 04:19:37.266165'),
(2656, 2, 27.97, '2019-01-01 04:19:37.308913'),
(2657, 3, 26.71, '2019-01-01 04:19:37.335877'),
(2658, 4, 29.09, '2019-01-01 04:19:37.359886'),
(2659, 5, 23.52, '2019-01-01 04:19:37.364228'),
(2660, 6, 22.06, '2019-01-01 04:19:37.375438'),
(2661, 7, 24.65, '2019-01-01 04:19:37.378664'),
(2662, 8, 30.51, '2019-01-01 04:19:37.390060'),
(2663, 1, 25.65, '2019-01-01 04:19:37.401484'),
(2664, 2, 27.94, '2019-01-01 04:19:37.427502'),
(2665, 3, 23.87, '2019-01-01 04:19:37.430788'),
(2666, 4, 27.85, '2019-01-01 04:19:37.442134'),
(2667, 5, 26.51, '2019-01-01 04:19:37.445363'),
(2668, 6, 34.1, '2019-01-01 04:19:37.456702'),
(2669, 7, 32.58, '2019-01-01 04:19:37.459945'),
(2670, 8, 31.76, '2019-01-01 04:19:37.471369'),
(2671, 1, 32.12, '2019-01-01 04:19:37.483448'),
(2672, 2, 33.92, '2019-01-01 04:19:37.509839'),
(2673, 3, 31.04, '2019-01-01 04:19:37.514204'),
(2674, 4, 30.5, '2019-01-01 04:19:37.525450'),
(2675, 5, 33.33, '2019-01-01 04:19:37.528695'),
(2676, 6, 34.8, '2019-01-01 04:19:37.540032'),
(2677, 7, 31.25, '2019-01-01 04:19:37.543346'),
(2678, 8, 33.91, '2019-01-01 04:19:37.554687'),
(2679, 1, 29.23, '2019-01-01 04:19:37.566743'),
(2680, 2, 31.86, '2019-01-01 04:19:37.583801'),
(2681, 3, 22.13, '2019-01-01 04:19:37.586978'),
(2682, 4, 33.75, '2019-01-01 04:19:37.598383'),
(2683, 5, 22.72, '2019-01-01 04:19:37.601585'),
(2684, 6, 33.37, '2019-01-01 04:19:37.612962'),
(2685, 7, 24.99, '2019-01-01 04:19:37.616155'),
(2686, 8, 26.78, '2019-01-01 04:19:37.627497'),
(2687, 1, 27.55, '2019-01-01 04:19:37.639920'),
(2688, 2, 30.99, '2019-01-01 04:19:37.668268'),
(2689, 3, 31.24, '2019-01-01 04:19:37.672567'),
(2690, 4, 29.08, '2019-01-01 04:19:37.683786'),
(2691, 5, 28.39, '2019-01-01 04:19:37.695382'),
(2692, 6, 29.48, '2019-01-01 04:19:37.706717'),
(2693, 7, 31.46, '2019-01-01 04:19:37.709947'),
(2694, 8, 25.92, '2019-01-01 04:19:37.721333'),
(2695, 1, 33.64, '2019-01-01 04:19:37.732781'),
(2696, 2, 26.57, '2019-01-01 04:19:37.750459'),
(2697, 3, 28.98, '2019-01-01 04:19:37.753632'),
(2698, 4, 30.23, '2019-01-01 04:19:37.765051'),
(2699, 5, 26.31, '2019-01-01 04:19:37.768316'),
(2700, 6, 26.73, '2019-01-01 04:19:37.779697'),
(2701, 7, 34.3, '2019-01-01 04:19:37.782936'),
(2702, 8, 26.73, '2019-01-01 04:19:37.794173'),
(2703, 1, 29.35, '2019-01-01 04:19:37.806847'),
(2704, 2, 33.41, '2019-01-01 04:19:37.834840'),
(2705, 3, 27.35, '2019-01-01 04:19:37.839256'),
(2706, 4, 22.66, '2019-01-01 04:19:37.850428'),
(2707, 5, 32.49, '2019-01-01 04:19:37.853643'),
(2708, 6, 31.9, '2019-01-01 04:19:37.865038'),
(2709, 7, 24.89, '2019-01-01 04:19:37.868283'),
(2710, 8, 25.04, '2019-01-01 04:19:37.871321'),
(2711, 1, 22.32, '2019-01-01 04:19:37.882625'),
(2712, 2, 32.8, '2019-01-01 04:19:37.909824'),
(2713, 3, 24.14, '2019-01-01 04:19:37.925466'),
(2714, 4, 28.24, '2019-01-01 04:19:37.928699'),
(2715, 5, 22.91, '2019-01-01 04:19:37.940059'),
(2716, 6, 25.77, '2019-01-01 04:19:37.943345'),
(2717, 7, 24.09, '2019-01-01 04:19:37.954683'),
(2718, 8, 31.67, '2019-01-01 04:19:37.957939'),
(2719, 1, 22.23, '2019-01-01 04:19:37.978536'),
(2720, 2, 29.58, '2019-01-01 04:19:38.003691'),
(2721, 3, 27.09, '2019-01-01 04:19:38.015042'),
(2722, 4, 32.61, '2019-01-01 04:19:38.018287'),
(2723, 5, 32.21, '2019-01-01 04:19:38.029661'),
(2724, 6, 23.85, '2019-01-01 04:19:38.032860'),
(2725, 7, 29.58, '2019-01-01 04:19:38.044205'),
(2726, 8, 23.82, '2019-01-01 04:19:38.047536'),
(2727, 1, 27.95, '2019-01-01 04:19:38.067791'),
(2728, 2, 28.43, '2019-01-01 04:19:38.092308'),
(2729, 3, 24.65, '2019-01-01 04:19:38.096330'),
(2730, 4, 31.86, '2019-01-01 04:19:38.099593'),
(2731, 5, 24.46, '2019-01-01 04:19:38.110835'),
(2732, 6, 29.79, '2019-01-01 04:19:38.114586'),
(2733, 7, 24.25, '2019-01-01 04:19:38.118157'),
(2734, 8, 31.77, '2019-01-01 04:19:38.122543'),
(2735, 1, 28.11, '2019-01-01 04:19:38.142666'),
(2736, 2, 31.23, '2019-01-01 04:19:38.167306'),
(2737, 3, 22.33, '2019-01-01 04:19:38.171325'),
(2738, 4, 29.09, '2019-01-01 04:19:38.174647'),
(2739, 5, 27.48, '2019-01-01 04:19:38.185833'),
(2740, 6, 32.94, '2019-01-01 04:19:38.189206'),
(2741, 7, 29.03, '2019-01-01 04:19:38.200442'),
(2742, 8, 33.49, '2019-01-01 04:19:38.203619'),
(2743, 1, 27.62, '2019-01-01 04:19:38.223754'),
(2744, 2, 26.66, '2019-01-01 04:19:38.250623'),
(2745, 3, 33.64, '2019-01-01 04:19:38.254618'),
(2746, 4, 33.62, '2019-01-01 04:19:38.257935'),
(2747, 5, 30.2, '2019-01-01 04:19:38.272557'),
(2748, 6, 34.67, '2019-01-01 04:19:38.283776'),
(2749, 7, 30.58, '2019-01-01 04:19:38.286997'),
(2750, 8, 29.68, '2019-01-01 04:19:38.298389'),
(2751, 1, 29.75, '2019-01-01 04:19:38.311034'),
(2752, 2, 29.3, '2019-01-01 04:19:38.334854'),
(2753, 3, 26.05, '2019-01-01 04:19:38.339216'),
(2754, 4, 29.97, '2019-01-01 04:19:38.350477'),
(2755, 5, 29.72, '2019-01-01 04:19:38.353741'),
(2756, 6, 34.05, '2019-01-01 04:19:38.365088'),
(2757, 7, 25.77, '2019-01-01 04:19:38.376673'),
(2758, 8, 24.43, '2019-01-01 04:19:38.388117'),
(2759, 1, 25.84, '2019-01-01 04:19:38.399782'),
(2760, 2, 30.74, '2019-01-01 04:19:38.426501'),
(2761, 3, 32.46, '2019-01-01 04:19:38.433781'),
(2762, 4, 34.19, '2019-01-01 04:19:38.436984'),
(2763, 5, 24.98, '2019-01-01 04:19:38.448414'),
(2764, 6, 22.5, '2019-01-01 04:19:38.460004'),
(2765, 7, 29.66, '2019-01-01 04:19:38.471415'),
(2766, 8, 26.38, '2019-01-01 04:19:38.483025'),
(2767, 1, 23.98, '2019-01-01 04:19:38.502654'),
(2768, 2, 33.52, '2019-01-01 04:19:38.526704'),
(2769, 3, 31.37, '2019-01-01 04:19:38.538036'),
(2770, 4, 33.44, '2019-01-01 04:19:38.541273'),
(2771, 5, 30.31, '2019-01-01 04:19:38.552520'),
(2772, 6, 27.77, '2019-01-01 04:19:38.555826'),
(2773, 7, 22.84, '2019-01-01 04:19:38.567211'),
(2774, 8, 27.54, '2019-01-01 04:19:38.578726'),
(2775, 1, 30.22, '2019-01-01 04:19:38.598672'),
(2776, 2, 28.88, '2019-01-01 04:19:38.626679'),
(2777, 3, 25.44, '2019-01-01 04:19:38.638140'),
(2778, 4, 28.84, '2019-01-01 04:19:38.649632'),
(2779, 5, 30.9, '2019-01-01 04:19:38.660864'),
(2780, 6, 26.34, '2019-01-01 04:19:38.664191'),
(2781, 7, 29.73, '2019-01-01 04:19:38.675484'),
(2782, 8, 34.41, '2019-01-01 04:19:38.687122'),
(2783, 1, 31.62, '2019-01-01 04:19:38.707132'),
(2784, 2, 28.65, '2019-01-01 04:19:38.736049'),
(2785, 3, 27.93, '2019-01-01 04:19:38.747376'),
(2786, 4, 26.78, '2019-01-01 04:19:38.750627'),
(2787, 5, 34.68, '2019-01-01 04:19:38.754609'),
(2788, 6, 33.72, '2019-01-01 04:19:38.757938'),
(2789, 7, 22.34, '2019-01-01 04:19:38.769269'),
(2790, 8, 25.49, '2019-01-01 04:19:38.772491'),
(2791, 1, 29.7, '2019-01-01 04:19:38.792385'),
(2792, 2, 32.79, '2019-01-01 04:19:38.817370'),
(2793, 3, 24.07, '2019-01-01 04:19:38.821368'),
(2794, 4, 31.4, '2019-01-01 04:19:38.832972'),
(2795, 5, 29.11, '2019-01-01 04:19:38.844252'),
(2796, 6, 31.47, '2019-01-01 04:19:38.847524'),
(2797, 7, 28.62, '2019-01-01 04:19:38.858803'),
(2798, 8, 27.59, '2019-01-01 04:19:38.870454'),
(2799, 1, 33.69, '2019-01-01 04:19:38.890837'),
(2800, 2, 28.75, '2019-01-01 04:19:38.917323'),
(2801, 3, 31.93, '2019-01-01 04:19:38.921332'),
(2802, 4, 22.96, '2019-01-01 04:19:38.924585'),
(2803, 5, 33.66, '2019-01-01 04:19:38.935929'),
(2804, 6, 31.53, '2019-01-01 04:19:38.947550'),
(2805, 7, 22.1, '2019-01-01 04:19:38.958786'),
(2806, 8, 30.17, '2019-01-01 04:19:38.970456'),
(2807, 1, 26.2, '2019-01-01 04:19:38.990668'),
(2808, 2, 26.67, '2019-01-01 04:19:39.018418'),
(2809, 3, 32.27, '2019-01-01 04:19:39.029699'),
(2810, 4, 31.15, '2019-01-01 04:19:39.041270'),
(2811, 5, 24.01, '2019-01-01 04:19:39.052525'),
(2812, 6, 22.08, '2019-01-01 04:19:39.064217'),
(2813, 7, 29.85, '2019-01-01 04:19:39.075465'),
(2814, 8, 30.61, '2019-01-01 04:19:39.087119'),
(2815, 1, 29.53, '2019-01-01 04:19:39.107297'),
(2816, 2, 29.18, '2019-01-01 04:19:39.135020'),
(2817, 3, 25.21, '2019-01-01 04:19:39.146331'),
(2818, 4, 27.64, '2019-01-01 04:19:39.149553'),
(2819, 5, 28.43, '2019-01-01 04:19:39.160828'),
(2820, 6, 32.45, '2019-01-01 04:19:39.164156'),
(2821, 7, 25.75, '2019-01-01 04:19:39.175458'),
(2822, 8, 23.41, '2019-01-01 04:19:39.207950'),
(2823, 1, 29.35, '2019-01-01 04:19:39.227579'),
(2824, 2, 26.74, '2019-01-01 04:19:39.243322'),
(2825, 3, 30.86, '2019-01-01 04:19:39.254734'),
(2826, 4, 28.75, '2019-01-01 04:19:39.266289'),
(2827, 5, 22.79, '2019-01-01 04:19:39.277524'),
(2828, 6, 34.91, '2019-01-01 04:19:39.280845'),
(2829, 7, 33.38, '2019-01-01 04:19:39.292126'),
(2830, 8, 30.46, '2019-01-01 04:19:39.295338'),
(2831, 1, 28.78, '2019-01-01 04:19:39.315115'),
(2832, 2, 26.84, '2019-01-01 04:19:39.342314'),
(2833, 3, 24.51, '2019-01-01 04:19:39.346327'),
(2834, 4, 33.19, '2019-01-01 04:19:39.349550'),
(2835, 5, 29.58, '2019-01-01 04:19:39.360844'),
(2836, 6, 34.18, '2019-01-01 04:19:39.364160'),
(2837, 7, 28.45, '2019-01-01 04:19:39.375461'),
(2838, 8, 29.09, '2019-01-01 04:19:39.387118'),
(2839, 1, 27.48, '2019-01-01 04:19:39.425828'),
(2840, 2, 31.56, '2019-01-01 04:19:39.451659'),
(2841, 3, 22.29, '2019-01-01 04:19:39.463023'),
(2842, 4, 30.62, '2019-01-01 04:19:39.474608'),
(2843, 5, 30.99, '2019-01-01 04:19:39.485912'),
(2844, 6, 27.13, '2019-01-01 04:19:39.497569'),
(2845, 7, 30.65, '2019-01-01 04:19:39.508795'),
(2846, 8, 24.88, '2019-01-01 04:19:39.520448'),
(2847, 1, 29.51, '2019-01-01 04:19:39.540549'),
(2848, 2, 25.3, '2019-01-01 04:19:39.567285'),
(2849, 3, 33.26, '2019-01-01 04:19:39.571317'),
(2850, 4, 30.29, '2019-01-01 04:19:39.574536'),
(2851, 5, 32.64, '2019-01-01 04:19:39.585806'),
(2852, 6, 26.18, '2019-01-01 04:19:39.589135'),
(2853, 7, 23.6, '2019-01-01 04:19:39.600499'),
(2854, 8, 33.99, '2019-01-01 04:19:39.634964'),
(2855, 1, 28.01, '2019-01-01 04:19:39.654696'),
(2856, 2, 25.97, '2019-01-01 04:19:39.684988'),
(2857, 3, 30.11, '2019-01-01 04:19:39.696340'),
(2858, 4, 29.93, '2019-01-01 04:19:39.699556'),
(2859, 5, 32.99, '2019-01-01 04:19:39.710859'),
(2860, 6, 32.54, '2019-01-01 04:19:39.714162'),
(2861, 7, 34.61, '2019-01-01 04:19:39.725451'),
(2862, 8, 28.85, '2019-01-01 04:19:39.737075'),
(2863, 1, 23.87, '2019-01-01 04:19:39.756494'),
(2864, 2, 32.31, '2019-01-01 04:19:39.783955'),
(2865, 3, 34.09, '2019-01-01 04:19:39.787945'),
(2866, 4, 26.43, '2019-01-01 04:19:39.791232'),
(2867, 5, 29.92, '2019-01-01 04:19:39.802541'),
(2868, 6, 30.45, '2019-01-01 04:19:39.805802'),
(2869, 7, 30.77, '2019-01-01 04:19:39.826468'),
(2870, 8, 34.07, '2019-01-01 04:19:39.830841'),
(2871, 1, 26.69, '2019-01-01 04:19:39.850437'),
(2872, 2, 26.91, '2019-01-01 04:19:39.875616'),
(2873, 3, 29.85, '2019-01-01 04:19:39.879671'),
(2874, 4, 32.87, '2019-01-01 04:19:39.882867'),
(2875, 5, 34.82, '2019-01-01 04:19:39.894185'),
(2876, 6, 26.96, '2019-01-01 04:19:39.897509'),
(2877, 7, 31.75, '2019-01-01 04:19:39.908787'),
(2878, 8, 30.38, '2019-01-01 04:19:39.920343'),
(2879, 1, 26.85, '2019-01-01 04:19:39.939848'),
(2880, 2, 32.03, '2019-01-01 04:19:39.974592'),
(2881, 3, 25.94, '2019-01-01 04:19:39.985840'),
(2882, 4, 34.42, '2019-01-01 04:19:39.989149'),
(2883, 5, 33.57, '2019-01-01 04:19:40.000474'),
(2884, 6, 35, '2019-01-01 04:19:40.012063'),
(2885, 7, 32.28, '2019-01-01 04:19:40.023350'),
(2886, 8, 31.15, '2019-01-01 04:19:40.026609'),
(2887, 1, 23.37, '2019-01-01 04:19:40.046766'),
(2888, 2, 23.42, '2019-01-01 04:19:40.075625'),
(2889, 3, 30.84, '2019-01-01 04:19:40.079627'),
(2890, 4, 34.21, '2019-01-01 04:19:40.082810'),
(2891, 5, 26.17, '2019-01-01 04:19:40.094176'),
(2892, 6, 22.98, '2019-01-01 04:19:40.097523'),
(2893, 7, 25.77, '2019-01-01 04:19:40.108765'),
(2894, 8, 31.73, '2019-01-01 04:19:40.120344'),
(2895, 1, 22.18, '2019-01-01 04:19:40.158458'),
(2896, 2, 29.15, '2019-01-01 04:19:40.178739'),
(2897, 3, 30.45, '2019-01-01 04:19:40.190078'),
(2898, 4, 26.89, '2019-01-01 04:19:40.201726'),
(2899, 5, 24.19, '2019-01-01 04:19:40.213003'),
(2900, 6, 25.14, '2019-01-01 04:19:40.216208'),
(2901, 7, 26.5, '2019-01-01 04:19:40.227492'),
(2902, 8, 33.24, '2019-01-01 04:19:40.230833'),
(2903, 1, 22.92, '2019-01-01 04:19:40.250410'),
(2904, 2, 28.57, '2019-01-01 04:19:40.268305'),
(2905, 3, 25.13, '2019-01-01 04:19:40.279701'),
(2906, 4, 34.78, '2019-01-01 04:19:40.291261'),
(2907, 5, 34.83, '2019-01-01 04:19:40.302538'),
(2908, 6, 27.94, '2019-01-01 04:19:40.314195'),
(2909, 7, 34.92, '2019-01-01 04:19:40.325438'),
(2910, 8, 32.96, '2019-01-01 04:19:40.337054'),
(2911, 1, 31.13, '2019-01-01 04:19:40.356396'),
(2912, 2, 27.41, '2019-01-01 04:19:40.376640'),
(2913, 3, 32, '2019-01-01 04:19:40.387976'),
(2914, 4, 23.83, '2019-01-01 04:19:40.391154'),
(2915, 5, 32.4, '2019-01-01 04:19:40.402463'),
(2916, 6, 27.38, '2019-01-01 04:19:40.405815'),
(2917, 7, 22.75, '2019-01-01 04:19:40.417105'),
(2918, 8, 23.79, '2019-01-01 04:19:40.420319'),
(2919, 1, 34.53, '2019-01-01 04:19:40.439731'),
(2920, 2, 28.76, '2019-01-01 04:19:40.459978'),
(2921, 3, 28.73, '2019-01-01 04:19:40.471506'),
(2922, 4, 23.71, '2019-01-01 04:19:40.483022'),
(2923, 5, 26.93, '2019-01-01 04:19:40.488058'),
(2924, 6, 22.48, '2019-01-01 04:19:40.499701'),
(2925, 7, 32.63, '2019-01-01 04:19:40.504773'),
(2926, 8, 23.91, '2019-01-01 04:19:40.516308'),
(2927, 1, 34.56, '2019-01-01 04:19:40.544676'),
(2928, 2, 29.84, '2019-01-01 04:19:40.561182'),
(2929, 3, 27.79, '2019-01-01 04:19:40.565121'),
(2930, 4, 30.76, '2019-01-01 04:19:40.576739'),
(2931, 5, 22.2, '2019-01-01 04:19:40.588110'),
(2932, 6, 22.45, '2019-01-01 04:19:40.599635'),
(2933, 7, 27.05, '2019-01-01 04:19:40.610945'),
(2934, 8, 22.05, '2019-01-01 04:19:40.622568'),
(2935, 1, 22.6, '2019-01-01 04:19:40.643521'),
(2936, 2, 30.2, '2019-01-01 04:19:40.668509'),
(2937, 3, 25.91, '2019-01-01 04:19:40.672471'),
(2938, 4, 32.83, '2019-01-01 04:19:40.684065'),
(2939, 5, 27.27, '2019-01-01 04:19:40.688116'),
(2940, 6, 25.5, '2019-01-01 04:19:40.699677'),
(2941, 7, 31.26, '2019-01-01 04:19:40.704759'),
(2942, 8, 25.84, '2019-01-01 04:19:40.716387'),
(2943, 1, 30.72, '2019-01-01 04:19:40.738076'),
(2944, 2, 26.24, '2019-01-01 04:19:40.768431'),
(2945, 3, 27.16, '2019-01-01 04:19:40.779756'),
(2946, 4, 30.39, '2019-01-01 04:19:40.791314'),
(2947, 5, 25.64, '2019-01-01 04:19:40.802503'),
(2948, 6, 24.15, '2019-01-01 04:19:40.805872'),
(2949, 7, 30.89, '2019-01-01 04:19:40.817161'),
(2950, 8, 27.89, '2019-01-01 04:19:40.828758'),
(2951, 1, 31.01, '2019-01-01 04:19:40.856611'),
(2952, 2, 23.66, '2019-01-01 04:19:40.875707'),
(2953, 3, 28.98, '2019-01-01 04:19:40.879744'),
(2954, 4, 25.73, '2019-01-01 04:19:40.891282'),
(2955, 5, 26.39, '2019-01-01 04:19:40.902594'),
(2956, 6, 24, '2019-01-01 04:19:40.914345'),
(2957, 7, 32.06, '2019-01-01 04:19:40.918243'),
(2958, 8, 31.96, '2019-01-01 04:19:40.922673'),
(2959, 1, 27.59, '2019-01-01 04:19:40.943142'),
(2960, 2, 31.87, '2019-01-01 04:19:40.983058'),
(2961, 3, 34.7, '2019-01-01 04:19:40.988040'),
(2962, 4, 32.69, '2019-01-01 04:19:40.999692'),
(2963, 5, 34.96, '2019-01-01 04:19:41.004738'),
(2964, 6, 30.54, '2019-01-01 04:19:41.016289'),
(2965, 7, 26.13, '2019-01-01 04:19:41.027640'),
(2966, 8, 27.75, '2019-01-01 04:19:41.039233'),
(2967, 1, 30.96, '2019-01-01 04:19:41.067265'),
(2968, 2, 34.77, '2019-01-01 04:19:41.108335'),
(2969, 3, 25.91, '2019-01-01 04:19:41.113232'),
(2970, 4, 23.64, '2019-01-01 04:19:41.117477'),
(2971, 5, 25.4, '2019-01-01 04:19:41.121533'),
(2972, 6, 25.36, '2019-01-01 04:19:41.133188'),
(2973, 7, 32.97, '2019-01-01 04:19:41.138387'),
(2974, 8, 33.46, '2019-01-01 04:19:41.142619'),
(2975, 1, 30.74, '2019-01-01 04:19:41.173362'),
(2976, 2, 23.86, '2019-01-01 04:19:41.208163'),
(2977, 3, 24.06, '2019-01-01 04:19:41.213149'),
(2978, 4, 24.32, '2019-01-01 04:19:41.224803'),
(2979, 5, 22.57, '2019-01-01 04:19:41.229883'),
(2980, 6, 34.47, '2019-01-01 04:19:41.241482'),
(2981, 7, 22.58, '2019-01-01 04:19:41.246558'),
(2982, 8, 30.47, '2019-01-01 04:19:41.250813'),
(2983, 1, 34.21, '2019-01-01 04:19:41.281745'),
(2984, 2, 22.95, '2019-01-01 04:19:41.308167'),
(2985, 3, 22.01, '2019-01-01 04:19:41.313196'),
(2986, 4, 34.1, '2019-01-01 04:19:41.324840'),
(2987, 5, 33.76, '2019-01-01 04:19:41.329950'),
(2988, 6, 24.22, '2019-01-01 04:19:41.334205'),
(2989, 7, 25.17, '2019-01-01 04:19:41.338268'),
(2990, 8, 31.05, '2019-01-01 04:19:41.342560'),
(2991, 1, 22.7, '2019-01-01 04:19:41.382618'),
(2992, 2, 27.22, '2019-01-01 04:19:41.408010'),
(2993, 3, 30.65, '2019-01-01 04:19:41.413052'),
(2994, 4, 28.56, '2019-01-01 04:19:41.424870'),
(2995, 5, 22.46, '2019-01-01 04:19:41.429896'),
(2996, 6, 34.93, '2019-01-01 04:19:41.434180'),
(2997, 7, 34.89, '2019-01-01 04:19:41.438266'),
(2998, 8, 32.64, '2019-01-01 04:19:41.449834'),
(2999, 1, 25.04, '2019-01-01 04:19:41.481560'),
(3000, 2, 34.54, '2019-01-01 04:19:41.516606'),
(3001, 3, 30.81, '2019-01-01 04:19:41.521558'),
(3002, 4, 22.98, '2019-01-01 04:19:41.533178'),
(3003, 5, 33.5, '2019-01-01 04:19:41.538238'),
(3004, 6, 25.93, '2019-01-01 04:19:41.549832'),
(3005, 7, 22.93, '2019-01-01 04:19:41.554910'),
(3006, 8, 29.45, '2019-01-01 04:19:41.566457'),
(3007, 1, 29.11, '2019-01-01 04:19:41.598472'),
(3008, 2, 30.28, '2019-01-01 04:19:41.633171'),
(3009, 3, 25.34, '2019-01-01 04:19:41.638264'),
(3010, 4, 34.54, '2019-01-01 04:19:41.642613'),
(3011, 5, 26.41, '2019-01-01 04:19:41.646586'),
(3012, 6, 33.81, '2019-01-01 04:19:41.658139'),
(3013, 7, 24.61, '2019-01-01 04:19:41.663213'),
(3014, 8, 26.09, '2019-01-01 04:19:41.674812'),
(3015, 1, 23.33, '2019-01-01 04:19:41.706212'),
(3016, 2, 33.38, '2019-01-01 04:19:41.741550'),
(3017, 3, 23.72, '2019-01-01 04:19:41.746569'),
(3018, 4, 24.33, '2019-01-01 04:19:41.750847'),
(3019, 5, 25.98, '2019-01-01 04:19:41.754848'),
(3020, 6, 28.83, '2019-01-01 04:19:41.766502'),
(3021, 7, 24.71, '2019-01-01 04:19:41.771581'),
(3022, 8, 31.56, '2019-01-01 04:19:41.775836'),
(3023, 1, 33.09, '2019-01-01 04:19:41.806825'),
(3024, 2, 34.35, '2019-01-01 04:19:41.841627'),
(3025, 3, 22.65, '2019-01-01 04:19:41.846600'),
(3026, 4, 30.93, '2019-01-01 04:19:41.850827'),
(3027, 5, 22.04, '2019-01-01 04:19:41.854900'),
(3028, 6, 26.11, '2019-01-01 04:19:41.866493'),
(3029, 7, 26.96, '2019-01-01 04:19:41.871576'),
(3030, 8, 30.9, '2019-01-01 04:19:41.875824'),
(3031, 1, 24.28, '2019-01-01 04:19:41.906955'),
(3032, 2, 32.15, '2019-01-01 04:19:41.941591'),
(3033, 3, 26.71, '2019-01-01 04:19:41.946640'),
(3034, 4, 34.28, '2019-01-01 04:19:41.950917'),
(3035, 5, 26.62, '2019-01-01 04:19:41.954975'),
(3036, 6, 24.77, '2019-01-01 04:19:41.959320'),
(3037, 7, 25.71, '2019-01-01 04:19:41.962993'),
(3038, 8, 23.48, '2019-01-01 04:19:41.974648'),
(3039, 1, 33.27, '2019-01-01 04:19:41.996877'),
(3040, 2, 24.57, '2019-01-01 04:19:42.017263'),
(3041, 3, 32.33, '2019-01-01 04:19:42.021280'),
(3042, 4, 32.54, '2019-01-01 04:19:42.024531'),
(3043, 5, 29.23, '2019-01-01 04:19:42.035766'),
(3044, 6, 32.62, '2019-01-01 04:19:42.039139'),
(3045, 7, 28.25, '2019-01-01 04:19:42.050373'),
(3046, 8, 33.32, '2019-01-01 04:19:42.053563'),
(3047, 1, 32.97, '2019-01-01 04:19:42.073806'),
(3048, 2, 25.54, '2019-01-01 04:19:42.100608'),
(3049, 3, 32.71, '2019-01-01 04:19:42.104616'),
(3050, 4, 28.43, '2019-01-01 04:19:42.107920'),
(3051, 5, 34.09, '2019-01-01 04:19:42.119082'),
(3052, 6, 22.96, '2019-01-01 04:19:42.122462'),
(3053, 7, 23.21, '2019-01-01 04:19:42.133724'),
(3054, 8, 22.08, '2019-01-01 04:19:42.136971'),
(3055, 1, 31.55, '2019-01-01 04:19:42.156353'),
(3056, 2, 31.09, '2019-01-01 04:19:42.183883'),
(3057, 3, 27.18, '2019-01-01 04:19:42.187864'),
(3058, 4, 27.54, '2019-01-01 04:19:42.199545'),
(3059, 5, 28.75, '2019-01-01 04:19:42.210784'),
(3060, 6, 29.29, '2019-01-01 04:19:42.214105'),
(3061, 7, 30.84, '2019-01-01 04:19:42.225414'),
(3062, 8, 27.11, '2019-01-01 04:19:42.228636'),
(3063, 1, 23.75, '2019-01-01 04:19:42.248621'),
(3064, 2, 33.85, '2019-01-01 04:19:42.276636'),
(3065, 3, 23.2, '2019-01-01 04:19:42.287981'),
(3066, 4, 30.63, '2019-01-01 04:19:42.299556'),
(3067, 5, 26.34, '2019-01-01 04:19:42.310802'),
(3068, 6, 24.41, '2019-01-01 04:19:42.314101'),
(3069, 7, 22.44, '2019-01-01 04:19:42.325389'),
(3070, 8, 34.24, '2019-01-01 04:19:42.328651'),
(3071, 1, 33.02, '2019-01-01 04:19:42.348956'),
(3072, 2, 22.23, '2019-01-01 04:19:42.379072'),
(3073, 3, 23.64, '2019-01-01 04:19:42.382722'),
(3074, 4, 34.12, '2019-01-01 04:19:42.385985'),
(3075, 5, 24.33, '2019-01-01 04:19:42.397313'),
(3076, 6, 27.32, '2019-01-01 04:19:42.400555'),
(3077, 7, 30.59, '2019-01-01 04:19:42.404572'),
(3078, 8, 29.57, '2019-01-01 04:19:42.407860'),
(3079, 1, 32.24, '2019-01-01 04:19:42.427587'),
(3080, 2, 33.16, '2019-01-01 04:19:42.450567'),
(3081, 3, 31.38, '2019-01-01 04:19:42.454560'),
(3082, 4, 32.26, '2019-01-01 04:19:42.457839'),
(3083, 5, 34.16, '2019-01-01 04:19:42.469109'),
(3084, 6, 34.95, '2019-01-01 04:19:42.480788'),
(3085, 7, 25.07, '2019-01-01 04:19:42.492043'),
(3086, 8, 32.46, '2019-01-01 04:19:42.495307'),
(3087, 1, 33.83, '2019-01-01 04:19:42.515358'),
(3088, 2, 30.42, '2019-01-01 04:19:42.542274'),
(3089, 3, 27, '2019-01-01 04:19:42.546316'),
(3090, 4, 30.99, '2019-01-01 04:19:42.557899'),
(3091, 5, 26.52, '2019-01-01 04:19:42.569153'),
(3092, 6, 23.79, '2019-01-01 04:19:42.572459'),
(3093, 7, 28.13, '2019-01-01 04:19:42.583701'),
(3094, 8, 22.1, '2019-01-01 04:19:42.586949'),
(3095, 1, 23.6, '2019-01-01 04:19:42.606456'),
(3096, 2, 31.41, '2019-01-01 04:19:42.633873'),
(3097, 3, 24.27, '2019-01-01 04:19:42.637903'),
(3098, 4, 24.62, '2019-01-01 04:19:42.641196'),
(3099, 5, 23.06, '2019-01-01 04:19:42.652419'),
(3100, 6, 31.88, '2019-01-01 04:19:42.655776'),
(3101, 7, 28.68, '2019-01-01 04:19:42.667043'),
(3102, 8, 31.6, '2019-01-01 04:19:42.670295'),
(3103, 1, 28.25, '2019-01-01 04:19:42.691712'),
(3104, 2, 34.15, '2019-01-01 04:19:42.717237'),
(3105, 3, 26.06, '2019-01-01 04:19:42.721272'),
(3106, 4, 34.45, '2019-01-01 04:19:42.724537'),
(3107, 5, 32.66, '2019-01-01 04:19:42.735772'),
(3108, 6, 27.1, '2019-01-01 04:19:42.739195'),
(3109, 7, 34.09, '2019-01-01 04:19:42.750355'),
(3110, 8, 23.2, '2019-01-01 04:19:42.753545'),
(3111, 1, 33.67, '2019-01-01 04:19:42.773591'),
(3112, 2, 27.26, '2019-01-01 04:19:42.801580'),
(3113, 3, 22.65, '2019-01-01 04:19:42.816175'),
(3114, 4, 33.33, '2019-01-01 04:19:42.827408'),
(3115, 5, 23.56, '2019-01-01 04:19:42.830792'),
(3116, 6, 26.78, '2019-01-01 04:19:42.842030'),
(3117, 7, 27.38, '2019-01-01 04:19:42.845311'),
(3118, 8, 22.21, '2019-01-01 04:19:42.856646'),
(3119, 1, 29.71, '2019-01-01 04:19:42.868999'),
(3120, 2, 25.41, '2019-01-01 04:19:42.894104'),
(3121, 3, 24.77, '2019-01-01 04:19:42.897374'),
(3122, 4, 22.68, '2019-01-01 04:19:42.908718'),
(3123, 5, 29.89, '2019-01-01 04:19:42.911939'),
(3124, 6, 32.03, '2019-01-01 04:19:42.923300'),
(3125, 7, 31.18, '2019-01-01 04:19:42.926522'),
(3126, 8, 32.79, '2019-01-01 04:19:42.937876'),
(3127, 1, 28.19, '2019-01-01 04:19:42.949401'),
(3128, 2, 24.13, '2019-01-01 04:19:42.979593'),
(3129, 3, 28.44, '2019-01-01 04:19:42.982805'),
(3130, 4, 34.94, '2019-01-01 04:19:42.994120'),
(3131, 5, 28.47, '2019-01-01 04:19:42.997479'),
(3132, 6, 30.23, '2019-01-01 04:19:43.008714'),
(3133, 7, 33.82, '2019-01-01 04:19:43.011977'),
(3134, 8, 24.32, '2019-01-01 04:19:43.023305'),
(3135, 1, 31.78, '2019-01-01 04:19:43.035455'),
(3136, 2, 32.42, '2019-01-01 04:19:43.059730'),
(3137, 3, 34.39, '2019-01-01 04:19:43.064044'),
(3138, 4, 23.87, '2019-01-01 04:19:43.091876'),
(3139, 5, 28.71, '2019-01-01 04:19:43.105787'),
(3140, 6, 26.49, '2019-01-01 04:19:43.117055'),
(3141, 7, 34.52, '2019-01-01 04:19:43.120243'),
(3142, 8, 30.96, '2019-01-01 04:19:43.123245'),
(3143, 1, 23.31, '2019-01-01 04:19:43.135065'),
(3144, 2, 27.24, '2019-01-01 04:19:43.151424'),
(3145, 3, 27.07, '2019-01-01 04:19:43.155806'),
(3146, 4, 30.54, '2019-01-01 04:19:43.167061'),
(3147, 5, 24.4, '2019-01-01 04:19:43.178627'),
(3148, 6, 25.42, '2019-01-01 04:19:43.189971'),
(3149, 7, 33.55, '2019-01-01 04:19:43.193266'),
(3150, 8, 23.3, '2019-01-01 04:19:43.204595'),
(3151, 1, 27.26, '2019-01-01 04:19:43.216801'),
(3152, 2, 29.95, '2019-01-01 04:19:43.244123'),
(3153, 3, 30.65, '2019-01-01 04:19:43.247442'),
(3154, 4, 30.32, '2019-01-01 04:19:43.258734'),
(3155, 5, 31.07, '2019-01-01 04:19:43.270297'),
(3156, 6, 28.33, '2019-01-01 04:19:43.281658'),
(3157, 7, 27.41, '2019-01-01 04:19:43.284876'),
(3158, 8, 30.47, '2019-01-01 04:19:43.296305'),
(3159, 1, 30.85, '2019-01-01 04:19:43.316263'),
(3160, 2, 24.59, '2019-01-01 04:19:43.333712'),
(3161, 3, 31.48, '2019-01-01 04:19:43.345313'),
(3162, 4, 33.11, '2019-01-01 04:19:43.356651'),
(3163, 5, 30.25, '2019-01-01 04:19:43.368254'),
(3164, 6, 27.18, '2019-01-01 04:19:43.379621'),
(3165, 7, 28.57, '2019-01-01 04:19:43.382809'),
(3166, 8, 30.9, '2019-01-01 04:19:43.394090'),
(3167, 1, 28.22, '2019-01-01 04:19:43.406151'),
(3168, 2, 25.12, '2019-01-01 04:19:43.434781'),
(3169, 3, 26.89, '2019-01-01 04:19:43.439195'),
(3170, 4, 30.41, '2019-01-01 04:19:43.450368'),
(3171, 5, 28.12, '2019-01-01 04:19:43.453663'),
(3172, 6, 31.02, '2019-01-01 04:19:43.464985'),
(3173, 7, 24.26, '2019-01-01 04:19:43.468214'),
(3174, 8, 34.64, '2019-01-01 04:19:43.479625'),
(3175, 1, 25.12, '2019-01-01 04:19:43.499630'),
(3176, 2, 29.55, '2019-01-01 04:19:43.526417'),
(3177, 3, 31.32, '2019-01-01 04:19:43.530810'),
(3178, 4, 30.09, '2019-01-01 04:19:43.542072'),
(3179, 5, 30.56, '2019-01-01 04:19:43.553722'),
(3180, 6, 29.61, '2019-01-01 04:19:43.564994'),
(3181, 7, 32.51, '2019-01-01 04:19:43.568247'),
(3182, 8, 24.13, '2019-01-01 04:19:43.579642'),
(3183, 1, 28.72, '2019-01-01 04:19:43.599689'),
(3184, 2, 32.66, '2019-01-01 04:19:43.617129'),
(3185, 3, 28.73, '2019-01-01 04:19:43.628657'),
(3186, 4, 34.46, '2019-01-01 04:19:43.639978'),
(3187, 5, 31.53, '2019-01-01 04:19:43.651595'),
(3188, 6, 30.17, '2019-01-01 04:19:43.662999'),
(3189, 7, 33.46, '2019-01-01 04:19:43.666140'),
(3190, 8, 25.08, '2019-01-01 04:19:43.677504'),
(3191, 1, 29.92, '2019-01-01 04:19:43.689017'),
(3192, 2, 31.22, '2019-01-01 04:19:43.718076'),
(3193, 3, 28.99, '2019-01-01 04:19:43.722377'),
(3194, 4, 29.38, '2019-01-01 04:19:43.733717'),
(3195, 5, 28.1, '2019-01-01 04:19:43.736927'),
(3196, 6, 25.42, '2019-01-01 04:19:43.748235'),
(3197, 7, 26.63, '2019-01-01 04:19:43.751533'),
(3198, 8, 31.77, '2019-01-01 04:19:43.762897'),
(3199, 1, 26.43, '2019-01-01 04:19:43.774385'),
(3200, 2, 34.86, '2019-01-01 04:19:43.792069'),
(3201, 3, 24.2, '2019-01-01 04:19:43.803631'),
(3202, 4, 22.58, '2019-01-01 04:19:43.815007'),
(3203, 5, 28.77, '2019-01-01 04:19:43.826676'),
(3204, 6, 23.97, '2019-01-01 04:19:43.838086'),
(3205, 7, 24.41, '2019-01-01 04:19:43.849685'),
(3206, 8, 34.38, '2019-01-01 04:19:43.854731'),
(3207, 1, 27.17, '2019-01-01 04:19:43.883494'),
(3208, 2, 29.51, '2019-01-01 04:19:43.924558'),
(3209, 3, 34.38, '2019-01-01 04:19:43.936094'),
(3210, 4, 27.98, '2019-01-01 04:19:43.940060'),
(3211, 5, 22.91, '2019-01-01 04:19:43.951740'),
(3212, 6, 25, '2019-01-01 04:19:43.955693'),
(3213, 7, 34.35, '2019-01-01 04:19:43.967383'),
(3214, 8, 34.91, '2019-01-01 04:19:43.971334'),
(3215, 1, 29.43, '2019-01-01 04:19:44.000174'),
(3216, 2, 34.74, '2019-01-01 04:19:44.018310'),
(3217, 3, 26.82, '2019-01-01 04:19:44.022570'),
(3218, 4, 33.92, '2019-01-01 04:19:44.026580'),
(3219, 5, 30.61, '2019-01-01 04:19:44.042142'),
(3220, 6, 29.49, '2019-01-01 04:19:44.053744'),
(3221, 7, 26.6, '2019-01-01 04:19:44.057797'),
(3222, 8, 32.6, '2019-01-01 04:19:44.069360'),
(3223, 1, 34.95, '2019-01-01 04:19:44.097805'),
(3224, 2, 33.49, '2019-01-01 04:19:44.141350'),
(3225, 3, 27.07, '2019-01-01 04:19:44.146342'),
(3226, 4, 29.96, '2019-01-01 04:19:44.157948'),
(3227, 5, 30.49, '2019-01-01 04:19:44.163038'),
(3228, 6, 34.1, '2019-01-01 04:19:44.174612'),
(3229, 7, 23.31, '2019-01-01 04:19:44.185845'),
(3230, 8, 32.35, '2019-01-01 04:19:44.197664'),
(3231, 1, 30.51, '2019-01-01 04:19:44.218475'),
(3232, 2, 29.79, '2019-01-01 04:19:44.258140'),
(3233, 3, 32.87, '2019-01-01 04:19:44.263073'),
(3234, 4, 30.36, '2019-01-01 04:19:44.274647'),
(3235, 5, 34.7, '2019-01-01 04:19:44.279681'),
(3236, 6, 33.68, '2019-01-01 04:19:44.291310'),
(3237, 7, 34.91, '2019-01-01 04:19:44.296376'),
(3238, 8, 27.63, '2019-01-01 04:19:44.307965'),
(3239, 1, 25.07, '2019-01-01 04:19:44.329841'),
(3240, 2, 34.73, '2019-01-01 04:19:44.352790'),
(3241, 3, 33.3, '2019-01-01 04:19:44.356733'),
(3242, 4, 34.33, '2019-01-01 04:19:44.368387'),
(3243, 5, 34.84, '2019-01-01 04:19:44.379742'),
(3244, 6, 22.84, '2019-01-01 04:19:44.391341'),
(3245, 7, 25.77, '2019-01-01 04:19:44.396398'),
(3246, 8, 26.59, '2019-01-01 04:19:44.407937'),
(3247, 1, 26.55, '2019-01-01 04:19:44.429807'),
(3248, 2, 25.81, '2019-01-01 04:19:44.450675'),
(3249, 3, 34.92, '2019-01-01 04:19:44.454704'),
(3250, 4, 34.29, '2019-01-01 04:19:44.466303'),
(3251, 5, 28.68, '2019-01-01 04:19:44.471360'),
(3252, 6, 26.37, '2019-01-01 04:19:44.482922'),
(3253, 7, 22.62, '2019-01-01 04:19:44.494243'),
(3254, 8, 31.27, '2019-01-01 04:19:44.506052'),
(3255, 1, 34.64, '2019-01-01 04:19:44.519627'),
(3256, 2, 22.62, '2019-01-01 04:19:44.542251'),
(3257, 3, 23.53, '2019-01-01 04:19:44.546248'),
(3258, 4, 25.42, '2019-01-01 04:19:44.549491'),
(3259, 5, 24.48, '2019-01-01 04:19:44.560737'),
(3260, 6, 32.53, '2019-01-01 04:19:44.564054'),
(3261, 7, 28.01, '2019-01-01 04:19:44.575367'),
(3262, 8, 30.88, '2019-01-01 04:19:44.578571'),
(3263, 1, 32.25, '2019-01-01 04:19:44.598039'),
(3264, 2, 33.65, '2019-01-01 04:19:44.626655'),
(3265, 3, 30.91, '2019-01-01 04:19:44.638049'),
(3266, 4, 24.05, '2019-01-01 04:19:44.649668'),
(3267, 5, 34.93, '2019-01-01 04:19:44.654658'),
(3268, 6, 25.15, '2019-01-01 04:19:44.666331'),
(3269, 7, 34.18, '2019-01-01 04:19:44.671379'),
(3270, 8, 27.9, '2019-01-01 04:19:44.682998'),
(3271, 1, 31.62, '2019-01-01 04:19:44.705152'),
(3272, 2, 27.2, '2019-01-01 04:19:44.741406'),
(3273, 3, 26.16, '2019-01-01 04:19:44.746358'),
(3274, 4, 32.95, '2019-01-01 04:19:44.758185'),
(3275, 5, 25.27, '2019-01-01 04:19:44.763197'),
(3276, 6, 25.75, '2019-01-01 04:19:44.767466'),
(3277, 7, 28.49, '2019-01-01 04:19:44.771557'),
(3278, 8, 30.74, '2019-01-01 04:19:44.775913'),
(3279, 1, 31.27, '2019-01-01 04:19:44.804850'),
(3280, 2, 34.75, '2019-01-01 04:19:44.826767'),
(3281, 3, 27.52, '2019-01-01 04:19:44.830735'),
(3282, 4, 33.33, '2019-01-01 04:19:44.842374'),
(3283, 5, 31.76, '2019-01-01 04:19:44.846351'),
(3284, 6, 31.1, '2019-01-01 04:19:44.857898'),
(3285, 7, 23.29, '2019-01-01 04:19:44.863064'),
(3286, 8, 24.79, '2019-01-01 04:19:44.874595'),
(3287, 1, 29.37, '2019-01-01 04:19:44.902649'),
(3288, 2, 27.86, '2019-01-01 04:19:44.941313');
INSERT INTO `datas` (`id`, `chart_id`, `value`, `created_at`) VALUES
(3289, 3, 29.42, '2019-01-01 04:19:44.975537'),
(3290, 4, 29.3, '2019-01-01 04:19:44.987028'),
(3291, 5, 31.95, '2019-01-01 04:19:44.998366'),
(3292, 6, 24.67, '2019-01-01 04:19:45.009990'),
(3293, 7, 28.69, '2019-01-01 04:19:45.021338'),
(3294, 8, 29.57, '2019-01-01 04:19:45.033015'),
(3295, 1, 22.78, '2019-01-01 04:19:45.054748'),
(3296, 2, 28.68, '2019-01-01 04:19:45.076729'),
(3297, 3, 30.47, '2019-01-01 04:19:45.080715'),
(3298, 4, 26.3, '2019-01-01 04:19:45.092330'),
(3299, 5, 26.72, '2019-01-01 04:19:45.096357'),
(3300, 6, 22.52, '2019-01-01 04:19:45.107975'),
(3301, 7, 24.92, '2019-01-01 04:19:45.113047'),
(3302, 8, 25.07, '2019-01-01 04:19:45.124673'),
(3303, 1, 22.16, '2019-01-01 04:19:45.146464'),
(3304, 2, 32.12, '2019-01-01 04:19:45.191288'),
(3305, 3, 31.46, '2019-01-01 04:19:45.196313'),
(3306, 4, 30.75, '2019-01-01 04:19:45.200693'),
(3307, 5, 22.22, '2019-01-01 04:19:45.204701'),
(3308, 6, 33.54, '2019-01-01 04:19:45.216293'),
(3309, 7, 34.52, '2019-01-01 04:19:45.221351'),
(3310, 8, 24.38, '2019-01-01 04:19:45.232963'),
(3311, 1, 23.46, '2019-01-01 04:19:45.254909'),
(3312, 2, 23.66, '2019-01-01 04:19:45.299620'),
(3313, 3, 29.47, '2019-01-01 04:19:45.304693'),
(3314, 4, 34.25, '2019-01-01 04:19:45.316227'),
(3315, 5, 33.42, '2019-01-01 04:19:45.327524'),
(3316, 6, 32.87, '2019-01-01 04:19:45.339169'),
(3317, 7, 32.67, '2019-01-01 04:19:45.350446'),
(3318, 8, 27.89, '2019-01-01 04:19:45.362068'),
(3319, 1, 29.28, '2019-01-01 04:19:45.390359'),
(3320, 2, 32.06, '2019-01-01 04:19:45.432943'),
(3321, 3, 30.01, '2019-01-01 04:19:45.437951'),
(3322, 4, 33.5, '2019-01-01 04:19:45.449563'),
(3323, 5, 23.92, '2019-01-01 04:19:45.460819'),
(3324, 6, 26.45, '2019-01-01 04:19:45.472505'),
(3325, 7, 27.83, '2019-01-01 04:19:45.483762'),
(3326, 8, 31.79, '2019-01-01 04:19:45.495344'),
(3327, 1, 32.85, '2019-01-01 04:19:45.523279'),
(3328, 2, 30.88, '2019-01-01 04:19:45.542353'),
(3329, 3, 30.18, '2019-01-01 04:19:45.546339'),
(3330, 4, 34.15, '2019-01-01 04:19:45.557988'),
(3331, 5, 33.06, '2019-01-01 04:19:45.562965'),
(3332, 6, 24.79, '2019-01-01 04:19:45.574618'),
(3333, 7, 23.12, '2019-01-01 04:19:45.579644'),
(3334, 8, 27.37, '2019-01-01 04:19:45.591436'),
(3335, 1, 31.29, '2019-01-01 04:19:45.622327'),
(3336, 2, 24.63, '2019-01-01 04:19:45.657921'),
(3337, 3, 33.24, '2019-01-01 04:19:45.663052'),
(3338, 4, 29.78, '2019-01-01 04:19:45.691939'),
(3339, 5, 27.79, '2019-01-01 04:19:45.705657'),
(3340, 6, 31.3, '2019-01-01 04:19:45.717274'),
(3341, 7, 30.15, '2019-01-01 04:19:45.721434'),
(3342, 8, 31.63, '2019-01-01 04:19:45.732890'),
(3343, 1, 27.73, '2019-01-01 04:19:45.752666'),
(3344, 2, 33.49, '2019-01-01 04:19:45.775637'),
(3345, 3, 30.63, '2019-01-01 04:19:45.779625'),
(3346, 4, 22.6, '2019-01-01 04:19:45.782901'),
(3347, 5, 32.18, '2019-01-01 04:19:45.794120'),
(3348, 6, 22.74, '2019-01-01 04:19:45.805809'),
(3349, 7, 30.33, '2019-01-01 04:19:45.817101'),
(3350, 8, 25.18, '2019-01-01 04:19:45.828660'),
(3351, 1, 28.67, '2019-01-01 04:19:45.854616'),
(3352, 2, 26.1, '2019-01-01 04:19:45.899559'),
(3353, 3, 33.33, '2019-01-01 04:19:45.904664'),
(3354, 4, 27.8, '2019-01-01 04:19:45.916310'),
(3355, 5, 31.62, '2019-01-01 04:19:45.927429'),
(3356, 6, 22.27, '2019-01-01 04:19:45.930856'),
(3357, 7, 30.86, '2019-01-01 04:19:45.942093'),
(3358, 8, 31.4, '2019-01-01 04:19:45.953669');

-- --------------------------------------------------------

--
-- 資料表結構 `users`
--

CREATE TABLE `users` (
  `id` int(10) UNSIGNED NOT NULL,
  `name` varchar(25) COLLATE utf8_unicode_ci NOT NULL,
  `password` varchar(64) COLLATE utf8_unicode_ci NOT NULL,
  `is_admin` tinyint(1) NOT NULL DEFAULT '0',
  `created_at` timestamp NOT NULL DEFAULT CURRENT_TIMESTAMP ON UPDATE CURRENT_TIMESTAMP
) ENGINE=InnoDB DEFAULT CHARSET=utf8 COLLATE=utf8_unicode_ci;

--
-- 資料表的匯出資料 `users`
--

INSERT INTO `users` (`id`, `name`, `password`, `is_admin`, `created_at`) VALUES
(2, 'Admin', '8d969eef6ecad3c29a3a629280e686cf0c3f5d5a86aff3ca12020c923adc6c92', 1, '2019-01-01 04:13:52'),
(3, 'Test', '8d969eef6ecad3c29a3a629280e686cf0c3f5d5a86aff3ca12020c923adc6c92', 0, '2019-01-01 04:13:35');

--
-- 已匯出資料表的索引
--

--
-- 資料表索引 `channels`
--
ALTER TABLE `channels`
  ADD PRIMARY KEY (`id`),
  ADD KEY `user_id` (`user_id`);

--
-- 資料表索引 `charts`
--
ALTER TABLE `charts`
  ADD PRIMARY KEY (`id`),
  ADD KEY `channel_id` (`channel_id`);

--
-- 資料表索引 `datas`
--
ALTER TABLE `datas`
  ADD PRIMARY KEY (`id`),
  ADD KEY `chart_id` (`chart_id`);

--
-- 資料表索引 `users`
--
ALTER TABLE `users`
  ADD PRIMARY KEY (`id`);

--
-- 在匯出的資料表使用 AUTO_INCREMENT
--

--
-- 使用資料表 AUTO_INCREMENT `channels`
--
ALTER TABLE `channels`
  MODIFY `id` int(10) UNSIGNED NOT NULL AUTO_INCREMENT, AUTO_INCREMENT=4;

--
-- 使用資料表 AUTO_INCREMENT `charts`
--
ALTER TABLE `charts`
  MODIFY `id` int(10) UNSIGNED NOT NULL AUTO_INCREMENT, AUTO_INCREMENT=25;

--
-- 使用資料表 AUTO_INCREMENT `datas`
--
ALTER TABLE `datas`
  MODIFY `id` int(10) UNSIGNED NOT NULL AUTO_INCREMENT, AUTO_INCREMENT=3359;

--
-- 使用資料表 AUTO_INCREMENT `users`
--
ALTER TABLE `users`
  MODIFY `id` int(10) UNSIGNED NOT NULL AUTO_INCREMENT, AUTO_INCREMENT=4;

--
-- 已匯出資料表的限制(Constraint)
--

--
-- 資料表的 Constraints `channels`
--
ALTER TABLE `channels`
  ADD CONSTRAINT `channels_ibfk_1` FOREIGN KEY (`user_id`) REFERENCES `users` (`id`) ON DELETE CASCADE ON UPDATE CASCADE;

--
-- 資料表的 Constraints `charts`
--
ALTER TABLE `charts`
  ADD CONSTRAINT `charts_ibfk_1` FOREIGN KEY (`channel_id`) REFERENCES `channels` (`id`) ON DELETE CASCADE ON UPDATE CASCADE;

--
-- 資料表的 Constraints `datas`
--
ALTER TABLE `datas`
  ADD CONSTRAINT `datas_ibfk_1` FOREIGN KEY (`chart_id`) REFERENCES `charts` (`id`) ON DELETE CASCADE ON UPDATE CASCADE;
COMMIT;

/*!40101 SET CHARACTER_SET_CLIENT=@OLD_CHARACTER_SET_CLIENT */;
/*!40101 SET CHARACTER_SET_RESULTS=@OLD_CHARACTER_SET_RESULTS */;
/*!40101 SET COLLATION_CONNECTION=@OLD_COLLATION_CONNECTION */;
